insert  into `tb_notice`(`id`,`content`,`ext1`,`title`,`tid`,`uid`,`create_time`) values (2,'safasfasfas','23423','23423',1,1,'2019-05-02 21:10:25'),(3,'safasfasfas','23423','23423',2,2,'2019-05-02 21:10:25'),(4,'safasfasfas','23423','23423',3,33,'2019-05-02 21:10:25'),(5,'safasfasfas','23423','23423',2,34,'2019-05-02 21:10:25'),(6,'safasfasfas','23423','23423',1,35,'2019-05-02 21:10:25'),(7,'safasfasfas','23423','23423',3,36,'2019-05-02 21:10:25'),(8,'safasfasfas','23423','23423',1,37,'2019-05-02 21:10:25'),(9,'safasfasfas','23423','23423',3,38,'2019-05-02 21:10:25'),(10,'safasfasfas','23423','23423',1,39,'2019-05-02 21:10:25'),(11,'safasfasfas','23423','23423',3,40,'2019-05-02 21:10:25'),(12,'safasfasfas','23423','23423',4,2,'2019-05-02 21:10:25'),(13,'safasfasfas','23423','23423',1,1,'2019-05-02 21:10:25'),(14,'safasfasfas','23423','23423',2,41,'2019-05-02 21:10:25'),(15,'safasfasfas','23423','23423',1,42,'2019-05-02 21:10:25'),(16,'safasfasfas','23423','23423',4,43,'2019-05-02 21:10:25'),(17,'safasfasfas','23423','23423',1,44,'2019-05-02 21:10:25'),(18,'safasfasfas','23423','23423',4,45,'2019-05-02 21:10:25'),(19,'safasfasfas','23423','23423',4,46,'2019-05-02 21:10:25'),(23,'撒打发士大夫十大',NULL,'5月5号团建哈',1,1,'2019-05-02 22:25:58'),(24,'11',NULL,'j',1,1,'2019-05-05 13:44:20');
insert  into `tb_notice_type`(`id`,`name`,`tid`) values (1,'系统通知',1),(2,'重要通知',1),(3,'团建通知',1),(4,'奖励通知',1);
insert  into `tb_resource`(`id`,`create_time`,`description`,`icon`,`is_hide`,`level`,`name`,`sort`,`source_key`,`source_url`,`type`,`update_time`,`parent_id`) values (1,'2017-01-10 13:56:51','用户管理',NULL,0,2,'用户管理',1,'system:user:index','/admin/user/index',1,'2019-05-08 11:26:00',NULL),(2,'2017-01-10 13:56:51','用户编辑',NULL,0,3,'用户编辑',1,'system:user:edit','/admin/user/edit*',2,'2019-05-08 11:26:00',1),(3,'2017-01-11 16:48:48','用户添加',NULL,0,3,'用户添加',2,'system:user:add','/admin/user/add',2,'2019-05-08 11:26:00',1),(4,'2017-01-11 16:48:48','用户删除',NULL,0,3,'用户删除',3,'system:user:deleteBatch','/admin/user/deleteBatch',2,'2019-05-08 11:26:00',1),(5,'2017-01-11 16:48:48','角色分配',NULL,0,3,'角色分配',4,'system:user:grant','/admin/user/grant/**',2,'2019-05-08 11:26:00',1),(6,'2017-01-12 16:45:10','角色管理',NULL,0,2,'角色管理',2,'system:role:index','/admin/role/index',1,'2019-05-08 11:26:00',NULL),(7,'2017-01-12 16:47:02','角色编辑',NULL,0,3,'角色编辑',1,'system:role:edit','/admin/role/edit*',2,'2019-05-08 11:26:00',1),(8,'2017-01-12 16:47:23','角色添加',NULL,0,3,'角色添加',2,'system:role:add','/admin/role/add',2,'2019-05-08 11:26:00',6),(9,'2017-01-12 16:47:23','角色删除',NULL,0,3,'角色删除',3,'system:role:deleteBatch','/admin/role/deleteBatch',2,'2019-05-08 11:26:00',6),(10,'2017-01-12 16:47:23','资源分配',NULL,0,3,'资源分配',4,'system:role:grant','/admin/role/grant/**',2,'2019-05-08 11:26:00',6),(11,'2017-01-17 11:21:12','资源管理',NULL,0,2,'资源管理',3,'system:resource:index','/admin/resource/index',1,'2019-05-08 11:26:00',NULL),(12,'2017-01-17 11:21:52','资源编辑',NULL,0,3,'资源编辑',1,'system:resource:edit','/admin/resource/edit*',2,'2019-05-08 11:26:00',11),(13,'2017-01-17 11:21:54','资源添加',NULL,0,3,'资源添加',2,'system:resource:add','/admin/resource/add',2,'2019-05-08 11:26:00',11),(14,'2017-01-17 11:21:54','资源删除',NULL,0,3,'资源删除',3,'system:resource:deleteBatch','/admin/resource/deleteBatch',2,'2019-05-08 11:26:00',11),(15,'2017-01-10 13:56:51','职工管理',NULL,0,2,'职工管理',4,'system:student:index','/admin/student/index',1,'2019-05-08 11:26:00',NULL),(16,'2017-01-10 13:56:51','职工修改',NULL,0,3,'职工编辑',1,'system:student:edit','/admin/student/edit*',2,'2019-05-08 11:26:00',15),(17,'2017-01-11 16:48:48','职工添加',NULL,0,3,'职工添加',2,'system:student:add','/admin/student/add',2,'2019-05-08 11:26:00',15),(18,'2017-01-11 16:48:48','职工删除',NULL,0,3,'职工删除',3,'system:student:delete','/admin/student/delete*',2,'2019-05-08 11:26:00',15),(24,'2017-01-10 13:56:51','部门管理',NULL,0,2,'部门管理',1,'system:course:index','/admin/course/index',1,'2019-05-08 11:26:00',NULL),(25,'2017-01-10 13:56:51','部门修改',NULL,0,3,'部门编辑',1,'system:course:edit','/admin/course/edit*',2,'2019-05-08 11:26:00',24),(26,'2017-01-11 16:48:48','部门添加',NULL,0,3,'部门添加',2,'system:course:add','/admin/course/add',2,'2019-05-08 11:26:00',24),(27,'2017-01-11 16:48:48','部门删除',NULL,0,3,'部门删除',3,'system:course:delete','/admin/course/delete*',2,'2019-05-08 11:26:00',24),(28,'2017-01-10 13:56:51','工资套账管理',NULL,0,2,'工资套账管理',1,'system:salary:index','/admin/salary/index',1,'2019-05-08 11:26:00',NULL),(29,'2017-01-10 13:56:51','工资套账修改',NULL,0,3,'工资套账编辑',1,'system:salary:edit','/admin/salary/edit*',2,'2019-05-08 11:26:00',28),(30,'2017-01-11 16:48:48','工资套账添加',NULL,0,3,'工资套账添加',2,'system:salary:add','/admin/salary/add',2,'2019-05-08 11:26:00',28),(31,'2017-01-11 16:48:48','工资套账删除',NULL,0,3,'工资套账删除',3,'system:salary:delete','/admin/salary/delete*',2,'2019-05-08 11:26:00',28),(32,'2017-01-10 13:56:51','员工套账管理',NULL,0,2,'员工套账管理',1,'system:empsal:index','/admin/empsal/index',1,'2019-05-08 11:26:00',NULL),(33,'2017-01-10 13:56:51','员工套账修改',NULL,0,3,'员工套账编辑',1,'system:empsal:edit','/admin/empsal/edit*',2,'2019-05-08 11:26:00',32),(34,'2017-01-11 16:48:48','员工套账查看',NULL,0,3,'员工套账查看',2,'system:empsal:add','/admin/empsal/add',2,'2019-05-08 11:26:00',32),(35,'2017-01-10 13:56:51','公告管理',NULL,0,2,'公告管理',1,'system:notice:index','/admin/notice/index',1,'2019-05-08 11:26:00',NULL),(36,'2017-01-10 13:56:51','公告查看',NULL,0,3,'公告查看',1,'system:notice:edit','/admin/notice/edit*',2,'2019-05-08 11:26:00',35),(37,'2017-01-11 16:48:48','公告添加',NULL,0,3,'公告添加',2,'system:notice:add','/admin/notice/add',2,'2019-05-08 11:26:00',35),(38,'2017-01-11 16:48:48','公告删除',NULL,0,3,'公告删除',3,'system:notice:delete','/admin/notice/delete*',2,'2019-05-08 11:26:00',35),(39,'2017-01-10 13:56:51','请假管理',NULL,0,2,'请假管理',1,'system:leave:index','/admin/leave/index',1,'2019-05-08 11:26:00',NULL),(40,'2017-01-10 13:56:51','请假申请',NULL,0,3,'请假申请',1,'system:leave:edits','/admin/leave/edits*',2,'2019-05-08 11:26:00',39),(41,'2017-01-10 13:56:51','请假审批',NULL,0,3,'请假审批',2,'system:leave:add','/admin/leave/add',2,'2019-05-08 11:26:00',39);
insert  into `tb_role`(`id`,`create_time`,`description`,`name`,`role_key`,`status`,`update_time`) values (1,'2017-01-09 17:25:30','超级管理员','administrator','administrator',0,'2017-01-09 17:26:25'),(2,'2019-05-02 16:12:27','人事的人','人事HR','人事HR',0,'2019-05-02 16:12:27'),(3,'2019-05-02 16:12:56','普通职工','普通职工','普通职工',0,'2019-05-02 16:12:56'),(5,'2019-05-04 14:20:19','撒旦发射点','啊手动阀手动阀手动阀','股东会222324234',0,'2019-05-04 14:20:19'),(6,'2019-05-07 10:50:57','dfssdf','xujian','项目经理',0,'2019-05-07 10:50:57');
insert  into `tb_role_resource`(`role_id`,`resource_id`) values (1,1),(2,1),(1,2),(2,2),(1,3),(2,3),(1,4),(2,4),(1,5),(2,5),(1,6),(2,6),(1,7),(2,7),(1,8),(2,8),(1,9),(2,9),(1,10),(2,10),(1,11),(2,11),(1,12),(2,12),(1,13),(2,13),(1,14),(2,14),(1,15),(2,15),(6,15),(1,16),(2,16),(6,16),(1,17),(2,17),(6,17),(1,18),(2,18),(6,18),(1,24),(2,24),(3,24),(1,25),(2,25),(3,25),(1,26),(2,26),(3,26),(1,27),(2,27),(3,27),(1,28),(2,28),(1,29),(2,29),(1,30),(2,30),(1,31),(2,31),(1,32),(2,32),(1,33),(2,33),(1,34),(2,34),(1,35),(2,35),(1,36),(2,36),(1,37),(2,37),(1,38),(2,38),(1,39),(2,39),(1,40),(2,40),(1,41);
insert  into `tb_user`(`id`,`address`,`birthday`,`create_time`,`delete_status`,`description`,`email`,`locked`,`nick_name`,`password`,`sex`,`telephone`,`update_time`,`user_name`) values (1,'成都','1997-05-18 00:00:00','2019-05-02 17:57:44',0,'超级管理员','xj143068@163.com',0,'admin','3931MUEQD1939MQMLM4AISPVNE',1,'18435997695','2019-05-02 20:13:57','admin'),(2,'1','2019-05-02 17:57:44','2019-05-02 17:57:44',0,'啦啦啦','xj143068@163.com',0,'wang','3931MUEQD1939MQMLM4AISPVNE',1,'18435997695','2019-05-02 17:57:44','xujian'),(33,'深圳市南山区','2019-05-02 17:57:44','2019-05-02 17:57:44',0,'啦啦啦','laowang@qq.com',0,'江南一点雨','3931MUEQD1939MQMLM4AISPVNE',NULL,'18435997695','2019-05-02 17:57:44','10000'),(34,'海南省海口市美兰区','2019-05-02 17:57:44','2019-05-02 17:57:44',0,'啦啦啦','chenjing@qq.com',0,'陈静','3931MUEQD1939MQMLM4AISPVNE',NULL,'18435997695','2019-05-02 17:57:44','10001'),(35,'陕西省西安市莲湖区','2019-05-02 17:57:44','2019-05-02 17:57:44',0,'啦啦啦','zhao@qq.com',0,'赵琳浩','3931MUEQD1939MQMLM4AISPVNE',NULL,'18435997695','2019-05-02 17:57:44','10002'),(36,'陕西省西安市莲湖区','2019-05-02 17:57:44','2019-05-02 17:57:44',0,'啦啦啦','zhao@qq.com',0,'鹿存亮','3931MUEQD1939MQMLM4AISPVNE',NULL,'18435997695','2019-05-02 17:57:44','10003'),(37,'河南洛阳人民大道58号','2019-05-02 17:57:44','2019-05-02 17:57:44',0,'啦啦啦','yaosen@qq.com',0,'姚森','3931MUEQD1939MQMLM4AISPVNE',NULL,'18435997695','2019-05-02 17:57:44','10004'),(38,'陕西西安新城区','2019-05-02 17:57:44','2019-05-02 17:57:44',0,'啦啦啦','yunxing@qq.com',0,'云星','3931MUEQD1939MQMLM4AISPVNE',NULL,'18435997695','2019-05-02 17:57:44','10005'),(39,'广东省广州市天河区冼村路','2019-05-02 17:57:44','2019-05-02 17:57:44',0,'啦啦啦','jiaxuming@qq.com',0,'贾旭明','3931MUEQD1939MQMLM4AISPVNE',NULL,'18435997695','2019-05-02 17:57:44','10006'),(40,'广东珠海','2019-05-02 17:57:44','2019-05-02 17:57:44',0,'啦啦啦','zhangliming@qq.com',0,'张黎明','3931MUEQD1939MQMLM4AISPVNE',NULL,'18435997695','2019-05-02 17:57:44','10007'),(41,'西安市雁塔区','2019-05-02 17:57:44','2019-05-02 17:57:44',0,'啦啦啦','xuelei@qq.com',0,'薛磊','3931MUEQD1939MQMLM4AISPVNE',NULL,'18435997695','2019-05-02 17:57:44','10008'),(42,'海口市美兰区','2019-05-02 17:57:44','2019-05-02 17:57:44',0,'啦啦啦','zhangjie@qq.com',0,'张洁','3931MUEQD1939MQMLM4AISPVNE',NULL,'18435997695','2019-05-02 17:57:44','10009'),(43,'深圳市南山区','2019-05-02 17:57:44','2019-05-02 17:57:44',0,'啦啦啦','laowang@qq.com',0,'江南一点雨2','3931MUEQD1939MQMLM4AISPVNE',NULL,'18435997695','2019-05-02 17:57:44','10010'),(44,'海南省海口市美兰区','2019-05-02 17:57:44','2019-05-02 17:57:44',0,'啦啦啦','chenjing@qq.com',0,'陈静2','3931MUEQD1939MQMLM4AISPVNE',NULL,'18435997695','2019-05-02 17:57:44','10011'),(45,'陕西省西安市莲湖区','2019-05-02 17:57:44','2019-05-02 17:57:44',0,'啦啦啦','zhao@qq.com',0,'赵琳浩2','3931MUEQD1939MQMLM4AISPVNE',NULL,'18435997695','2019-05-02 17:57:44','10012'),(46,'陕西省西安市莲湖区','2019-05-02 17:57:44','2019-05-02 17:57:44',0,'啦啦啦','zhao@qq.com',0,'鹿存亮2','3931MUEQD1939MQMLM4AISPVNE',NULL,'18435997695','2019-05-02 17:57:44','10013'),(47,'河南洛阳人民大道58号','2019-05-02 17:57:44','2019-05-02 17:57:44',0,'啦啦啦','yaosen@qq.com',0,'姚森2','3931MUEQD1939MQMLM4AISPVNE',NULL,'18435997695','2019-05-02 17:57:44','10014'),(48,'陕西西安新城区','2019-05-02 17:57:44','2019-05-02 17:57:44',0,'啦啦啦','yunxing@qq.com',0,'云星2','3931MUEQD1939MQMLM4AISPVNE',NULL,'18435997695','2019-05-02 17:57:44','10015'),(49,'广东省广州市天河区冼村路','2019-05-02 17:57:44','2019-05-02 17:57:44',0,'啦啦啦','jiaxuming@qq.com',0,'贾旭明2','3931MUEQD1939MQMLM4AISPVNE',NULL,'18435997695','2019-05-02 17:57:44','10016'),(50,'广东珠海','2019-05-02 17:57:44','2019-05-02 17:57:44',0,'啦啦啦','zhangliming@qq.com',0,'王一亭','3931MUEQD1939MQMLM4AISPVNE',NULL,'18435997695','2019-05-02 17:57:44','10017'),(51,'西安市雁塔区','2019-05-02 17:57:44','2019-05-02 17:57:44',0,'啦啦啦','xuelei@qq.com',0,'薛磊2','3931MUEQD1939MQMLM4AISPVNE',NULL,'18435997695','2019-05-02 17:57:44','10018'),(52,'海口市美兰区','2019-05-02 17:57:44','2019-05-02 17:57:44',0,'啦啦啦','zhangjie@qq.com',0,'张洁2','3931MUEQD1939MQMLM4AISPVNE',NULL,'18435997695','2019-05-02 17:57:44','10019'),(53,'深圳市南山区','2019-05-02 17:57:44','2019-05-02 17:57:44',0,'啦啦啦','laowang@qq.com',0,'江南一点雨3','3931MUEQD1939MQMLM4AISPVNE',NULL,'18435997695','2019-05-02 17:57:44','10020'),(54,'海南省海口市美兰区','2019-05-02 17:57:44','2019-05-02 17:57:44',0,'啦啦啦','chenjing@qq.com',0,'陈静3','3931MUEQD1939MQMLM4AISPVNE',NULL,'18435997695','2019-05-02 17:57:44','10021'),(55,'陕西省西安市莲湖区','2019-05-02 17:57:44','2019-05-02 17:57:44',0,'啦啦啦','zhao@qq.com',0,'鹿存亮3','3931MUEQD1939MQMLM4AISPVNE',NULL,'18435997695','2019-05-02 17:57:44','10022'),(56,'河南洛阳人民大道58号','2019-05-02 17:57:44','2019-05-02 17:57:44',0,'啦啦啦','yaosen@qq.com',0,'姚森3','3931MUEQD1939MQMLM4AISPVNE',NULL,'18435997695','2019-05-02 17:57:44','10023'),(57,'陕西西安新城区','2019-05-02 17:57:44','2019-05-02 17:57:44',0,'啦啦啦','yunxing@qq.com',0,'云星3','3931MUEQD1939MQMLM4AISPVNE',NULL,'18435997695','2019-05-02 17:57:44','10024'),(58,'广东省广州市天河区冼村路','2019-05-02 17:57:44','2019-05-02 17:57:44',0,'啦啦啦','jiaxuming@qq.com',0,'贾旭明3','3931MUEQD1939MQMLM4AISPVNE',NULL,'18435997695','2019-05-02 17:57:44','10025'),(59,'广东珠海','2019-05-02 17:57:44','2019-05-02 17:57:44',0,'啦啦啦','zhangliming@qq.com',0,'张黎明3','3931MUEQD1939MQMLM4AISPVNE',NULL,'18435997695','2019-05-02 17:57:44','10026'),(60,'西安市雁塔区','2019-05-02 17:57:44','2019-05-02 17:57:44',0,'啦啦啦','xuelei@qq.com',0,'薛磊3','3931MUEQD1939MQMLM4AISPVNE',NULL,'18435997695','2019-05-02 17:57:44','10027'),(61,'深圳市南山区','2019-05-02 17:57:44','2019-05-02 17:57:44',0,'啦啦啦','laowang@qq.com',0,'江南一点雨4','3931MUEQD1939MQMLM4AISPVNE',NULL,'18435997695','2019-05-02 17:57:44','10028'),(62,'海南省海口市美兰区','2019-05-02 17:57:44','2019-05-02 17:57:44',0,'啦啦啦','chenjing@qq.com',0,'陈静4','3931MUEQD1939MQMLM4AISPVNE',NULL,'18435997695','2019-05-02 17:57:44','10029'),(63,'陕西省西安市莲湖区','2019-05-02 17:57:44','2019-05-02 17:57:44',0,'啦啦啦','zhao@qq.com',0,'赵琳浩4','3931MUEQD1939MQMLM4AISPVNE',NULL,'18435997695','2019-05-02 17:57:44','10030'),(64,'陕西省西安市莲湖区','2019-05-02 17:57:44','2019-05-02 17:57:44',0,'啦啦啦','zhao@qq.com',0,'鹿存亮4','3931MUEQD1939MQMLM4AISPVNE',NULL,'18435997695','2019-05-02 17:57:44','10031'),(65,'河南洛阳人民大道58号','2019-05-02 17:57:44','2019-05-02 17:57:44',0,'啦啦啦','yaosen@qq.com',0,'姚森4','3931MUEQD1939MQMLM4AISPVNE',NULL,'18435997695','2019-05-02 17:57:44','10032'),(66,'陕西西安新城区','2019-05-02 17:57:44','2019-05-02 17:57:44',0,'啦啦啦','yunxing@qq.com',0,'云星4','3931MUEQD1939MQMLM4AISPVNE',NULL,'18435997695','2019-05-02 17:57:44','10033'),(67,'广东省广州市天河区冼村路','2019-05-02 17:57:44','2019-05-02 17:57:44',0,'啦啦啦','jiaxuming@qq.com',0,'贾旭明4','3931MUEQD1939MQMLM4AISPVNE',NULL,'18435997695','2019-05-02 17:57:44','10034'),(68,'广东珠海','2019-05-02 17:57:44','2019-05-02 17:57:44',0,'啦啦啦','zhangliming@qq.com',0,'张黎明2','3931MUEQD1939MQMLM4AISPVNE',NULL,'18435997695','2019-05-02 17:57:44','10035'),(69,'西安市雁塔区','2019-05-02 17:57:44','2019-05-02 17:57:44',0,'啦啦啦','xuelei@qq.com',0,'薛磊4','3931MUEQD1939MQMLM4AISPVNE',NULL,'18435997695','2019-05-02 17:57:44','10036'),(70,'海口市美兰区','2019-05-02 17:57:44','2019-05-02 17:57:44',0,'啦啦啦','zhangjie@qq.com',0,'张洁4','3931MUEQD1939MQMLM4AISPVNE',NULL,'18435997695','2019-05-02 17:57:44','10037'),(71,'深圳市南山区','2019-05-02 17:57:44','2019-05-02 17:57:44',0,'啦啦啦','laowang@qq.com',0,'江南一点雨5','3931MUEQD1939MQMLM4AISPVNE',NULL,'18435997695','2019-05-02 17:57:44','10038'),(72,'海南省海口市美兰区','2019-05-02 17:57:44','2019-05-02 17:57:44',0,'啦啦啦','chenjing@qq.com',0,'陈静5','3931MUEQD1939MQMLM4AISPVNE',NULL,'18435997695','2019-05-02 17:57:44','10039'),(73,'陕西省西安市莲湖区','2019-05-02 17:57:44','2019-05-02 17:57:44',0,'啦啦啦','zhao@qq.com',0,'赵琳浩5','3931MUEQD1939MQMLM4AISPVNE',NULL,'18435997695','2019-05-02 17:57:44','10040'),(74,'陕西省西安市莲湖区','2019-05-02 17:57:44','2019-05-02 17:57:44',0,'啦啦啦','zhao@qq.com',0,'鹿存亮5','3931MUEQD1939MQMLM4AISPVNE',NULL,'18435997695','2019-05-02 17:57:44','10041'),(75,'河南洛阳人民大道58号','2019-05-02 17:57:44','2019-05-02 17:57:44',0,'啦啦啦','yaosen@qq.com',0,'姚森5','3931MUEQD1939MQMLM4AISPVNE',NULL,'18435997695','2019-05-02 17:57:44','10042'),(76,'陕西西安新城区','2019-05-02 17:57:44','2019-05-02 17:57:44',0,'啦啦啦','yunxing@qq.com',0,'云星5','3931MUEQD1939MQMLM4AISPVNE',NULL,'18435997695','2019-05-02 17:57:44','10043'),(77,'广东省广州市天河区冼村路','2019-05-02 17:57:44','2019-05-02 17:57:44',0,'啦啦啦','jiaxuming@qq.com',0,'贾旭明5','3931MUEQD1939MQMLM4AISPVNE',NULL,'18435997695','2019-05-02 17:57:44','10044'),(78,'广东珠海','2019-05-02 17:57:44','2019-05-02 17:57:44',0,'啦啦啦','zhangliming@qq.com',0,'张黎明5','3931MUEQD1939MQMLM4AISPVNE',NULL,'18435997695','2019-05-02 17:57:44','10045'),(79,'西安市雁塔区','2019-05-02 17:57:44','2019-05-02 17:57:44',0,'啦啦啦','xuelei@qq.com',0,'薛磊5','3931MUEQD1939MQMLM4AISPVNE',NULL,'18435997695','2019-05-02 17:57:44','10046'),(80,'海口市美兰区','2019-05-02 17:57:44','2019-05-02 17:57:44',0,'啦啦啦','zhangjie@qq.com',0,'张洁5','3931MUEQD1939MQMLM4AISPVNE',NULL,'18435997695','2019-05-02 17:57:44','10047'),(81,'深圳市南山区','2019-05-02 17:57:44','2019-05-02 17:57:44',0,'啦啦啦','laowang@qq.com',0,'江南一点雨6','3931MUEQD1939MQMLM4AISPVNE',NULL,'18435997695','2019-05-02 17:57:44','10048'),(82,'海南省海口市美兰区','2019-05-02 17:57:44','2019-05-02 17:57:44',0,'啦啦啦','chenjing@qq.com',0,'陈静6','3931MUEQD1939MQMLM4AISPVNE',NULL,'18435997695','2019-05-02 17:57:44','10049'),(83,'陕西省西安市莲湖区','2019-05-02 17:57:44','2019-05-02 17:57:44',0,'啦啦啦','zhao@qq.com',0,'赵琳浩6','3931MUEQD1939MQMLM4AISPVNE',NULL,'18435997695','2019-05-02 17:57:44','10050'),(84,'陕西省西安市莲湖区','2019-05-02 17:57:44','2019-05-02 17:57:44',0,'啦啦啦','zhao@qq.com',0,'鹿存亮6','3931MUEQD1939MQMLM4AISPVNE',NULL,'18435997695','2019-05-02 17:57:44','10051'),(85,'河南洛阳人民大道58号','2019-05-02 17:57:44','2019-05-02 17:57:44',0,'啦啦啦','yaosen@qq.com',0,'姚森6','3931MUEQD1939MQMLM4AISPVNE',NULL,'18435997695','2019-05-02 17:57:44','10052'),(86,'陕西西安新城区','2019-05-02 17:57:44','2019-05-02 17:57:44',0,'啦啦啦','yunxing@qq.com',0,'云星6','3931MUEQD1939MQMLM4AISPVNE',NULL,'18435997695','2019-05-02 17:57:44','10053'),(87,'深圳市南山区','2019-05-02 17:57:44','2019-05-02 17:57:44',0,'啦啦啦','laowang@qq.com',0,'江南一点雨','3931MUEQD1939MQMLM4AISPVNE',NULL,'18435997695','2019-05-02 17:57:44','10054'),(88,'海南省海口市美兰区','2019-05-02 17:57:44','2019-05-02 17:57:44',0,'啦啦啦','chenjing@qq.com',0,'陈静','3931MUEQD1939MQMLM4AISPVNE',NULL,'18435997695','2019-05-02 17:57:44','10055'),(89,'陕西省西安市莲湖区','2019-05-02 17:57:44','2019-05-02 17:57:44',0,'啦啦啦','zhao@qq.com',0,'赵琳浩','3931MUEQD1939MQMLM4AISPVNE',NULL,'18435997695','2019-05-02 17:57:44','10056'),(90,'陕西省西安市莲湖区','2019-05-02 17:57:44','2019-05-02 17:57:44',0,'啦啦啦','zhao@qq.com',0,'鹿存亮','3931MUEQD1939MQMLM4AISPVNE',NULL,'18435997695','2019-05-02 17:57:44','10057'),(91,'河南洛阳人民大道58号','2019-05-02 17:57:44','2019-05-02 17:57:44',0,'啦啦啦','yaosen@qq.com',0,'姚森','3931MUEQD1939MQMLM4AISPVNE',NULL,'18435997695','2019-05-02 17:57:44','10058'),(92,'广东省广州市天河区冼村路','2019-05-02 17:57:44','2019-05-02 17:57:44',0,'啦啦啦','jiaxuming@qq.com',0,'贾旭明','3931MUEQD1939MQMLM4AISPVNE',NULL,'18435997695','2019-05-02 17:57:44','10059'),(93,'广东珠海','2019-05-02 17:57:44','2019-05-02 17:57:44',0,'啦啦啦','zhangliming@qq.com',0,'张黎明','3931MUEQD1939MQMLM4AISPVNE',NULL,'18435997695','2019-05-02 17:57:44','10060'),(94,'西安市雁塔区','2019-05-02 17:57:44','2019-05-02 17:57:44',0,'啦啦啦','xuelei@qq.com',0,'薛磊','3931MUEQD1939MQMLM4AISPVNE',NULL,'18435997695','2019-05-02 17:57:44','10061'),(95,'海口市美兰区','2019-05-02 17:57:44','2019-05-02 17:57:44',0,'啦啦啦','zhangjie@qq.com',0,'张洁','3931MUEQD1939MQMLM4AISPVNE',NULL,'18435997695','2019-05-02 17:57:44','10062'),(96,'深圳市南山区','2019-05-02 17:57:44','2019-05-02 17:57:44',0,'啦啦啦','laowang@qq.com',0,'江南一点雨2','3931MUEQD1939MQMLM4AISPVNE',NULL,'18435997695','2019-05-02 17:57:44','10063'),(97,'海南省海口市美兰区','2019-05-02 17:57:44','2019-05-02 17:57:44',0,'啦啦啦','chenjing@qq.com',0,'陈静2','3931MUEQD1939MQMLM4AISPVNE',NULL,'18435997695','2019-05-02 17:57:44','10064'),(98,'陕西省西安市莲湖区','2019-05-02 17:57:44','2019-05-02 17:57:44',0,'啦啦啦','zhao@qq.com',0,'赵琳浩2','3931MUEQD1939MQMLM4AISPVNE',NULL,'18435997695','2019-05-02 17:57:44','10065'),(99,'陕西省西安市莲湖区','2019-05-02 17:57:44','2019-05-02 17:57:44',0,'啦啦啦','zhao@qq.com',0,'鹿存亮2','3931MUEQD1939MQMLM4AISPVNE',NULL,'18435997695','2019-05-02 17:57:44','10066'),(100,'河南洛阳人民大道58号','2019-05-02 17:57:44','2019-05-02 17:57:44',0,'啦啦啦','yaosen@qq.com',0,'姚森2','3931MUEQD1939MQMLM4AISPVNE',NULL,'18435997695','2019-05-02 17:57:44','10067'),(101,'陕西西安新城区','2019-05-02 17:57:44','2019-05-02 17:57:44',0,'啦啦啦','yunxing@qq.com',0,'云星2','3931MUEQD1939MQMLM4AISPVNE',NULL,'18435997695','2019-05-02 17:57:44','10068'),(102,'广东省广州市天河区冼村路','2019-05-02 17:57:44','2019-05-02 17:57:44',0,'啦啦啦','jiaxuming@qq.com',0,'贾旭明2','3931MUEQD1939MQMLM4AISPVNE',NULL,'18435997695','2019-05-02 17:57:44','10069'),(103,'广东珠海','2019-05-02 17:57:44','2019-05-02 17:57:44',0,'啦啦啦','zhangliming@qq.com',0,'王一亭','3931MUEQD1939MQMLM4AISPVNE',NULL,'18435997695','2019-05-02 17:57:44','10070'),(104,'西安市雁塔区','2019-05-02 17:57:44','2019-05-02 17:57:44',0,'啦啦啦','xuelei@qq.com',0,'薛磊2','3931MUEQD1939MQMLM4AISPVNE',NULL,'18435997695','2019-05-02 17:57:44','10071'),(105,'海口市美兰区','2019-05-02 17:57:44','2019-05-02 17:57:44',0,'啦啦啦','zhangjie@qq.com',0,'张洁2','3931MUEQD1939MQMLM4AISPVNE',NULL,'18435997695','2019-05-02 17:57:44','10072'),(106,'深圳市南山区','2019-05-02 17:57:44','2019-05-02 17:57:44',0,'啦啦啦','laowang@qq.com',0,'江南一点雨3','3931MUEQD1939MQMLM4AISPVNE',NULL,'18435997695','2019-05-02 17:57:44','10073'),(107,'海南省海口市美兰区','2019-05-02 17:57:44','2019-05-02 17:57:44',0,'啦啦啦','chenjing@qq.com',0,'陈静3','3931MUEQD1939MQMLM4AISPVNE',NULL,'18435997695','2019-05-02 17:57:44','10074'),(108,'陕西省西安市莲湖区','2019-05-02 17:57:44','2019-05-02 17:57:44',0,'啦啦啦','zhao@qq.com',0,'鹿存亮3','3931MUEQD1939MQMLM4AISPVNE',NULL,'18435997695','2019-05-02 17:57:44','10075'),(109,'河南洛阳人民大道58号','2019-05-02 17:57:44','2019-05-02 17:57:44',0,'啦啦啦','yaosen@qq.com',0,'姚森3','3931MUEQD1939MQMLM4AISPVNE',NULL,'18435997695','2019-05-02 17:57:44','10076'),(110,'陕西西安新城区','2019-05-02 17:57:44','2019-05-02 17:57:44',0,'啦啦啦','yunxing@qq.com',0,'云星3','3931MUEQD1939MQMLM4AISPVNE',NULL,'18435997695','2019-05-02 17:57:44','10077'),(111,'广东省广州市天河区冼村路','2019-05-02 17:57:44','2019-05-02 17:57:44',0,'啦啦啦','jiaxuming@qq.com',0,'贾旭明3','3931MUEQD1939MQMLM4AISPVNE',NULL,'18435997695','2019-05-02 17:57:44','10078'),(112,'广东珠海','2019-05-02 17:57:44','2019-05-02 17:57:44',0,'啦啦啦','zhangliming@qq.com',0,'张黎明3','3931MUEQD1939MQMLM4AISPVNE',NULL,'18435997695','2019-05-02 17:57:44','10079'),(113,'西安市雁塔区','2019-05-02 17:57:44','2019-05-02 17:57:44',0,'啦啦啦','xuelei@qq.com',0,'薛磊3','3931MUEQD1939MQMLM4AISPVNE',NULL,'18435997695','2019-05-02 17:57:44','10080'),(114,'深圳市南山区','2019-05-02 17:57:44','2019-05-02 17:57:44',0,'啦啦啦','laowang@qq.com',0,'江南一点雨4','3931MUEQD1939MQMLM4AISPVNE',NULL,'18435997695','2019-05-02 17:57:44','10081'),(115,'海南省海口市美兰区','2019-05-02 17:57:44','2019-05-02 17:57:44',0,'啦啦啦','chenjing@qq.com',0,'陈静4','3931MUEQD1939MQMLM4AISPVNE',NULL,'18435997695','2019-05-02 17:57:44','10082'),(116,'陕西省西安市莲湖区','2019-05-02 17:57:44','2019-05-02 17:57:44',0,'啦啦啦','zhao@qq.com',0,'赵琳浩4','3931MUEQD1939MQMLM4AISPVNE',NULL,'18435997695','2019-05-02 17:57:44','10083'),(117,'陕西省西安市莲湖区','2019-05-02 17:57:44','2019-05-02 17:57:44',0,'啦啦啦','zhao@qq.com',0,'鹿存亮4','3931MUEQD1939MQMLM4AISPVNE',NULL,'18435997695','2019-05-02 17:57:44','10084'),(118,'河南洛阳人民大道58号','2019-05-02 17:57:44','2019-05-02 17:57:44',0,'啦啦啦','yaosen@qq.com',0,'姚森4','3931MUEQD1939MQMLM4AISPVNE',NULL,'18435997695','2019-05-02 17:57:44','10085'),(119,'陕西西安新城区','2019-05-02 17:57:44','2019-05-02 17:57:44',0,'啦啦啦','yunxing@qq.com',0,'云星4','3931MUEQD1939MQMLM4AISPVNE',NULL,'18435997695','2019-05-02 17:57:44','10086'),(120,'广东省广州市天河区冼村路','2019-05-02 17:57:44','2019-05-02 17:57:44',0,'啦啦啦','jiaxuming@qq.com',0,'贾旭明4','3931MUEQD1939MQMLM4AISPVNE',NULL,'18435997695','2019-05-02 17:57:44','10087'),(121,'北京','2019-05-02 17:57:44','2019-05-02 17:57:44',0,'啦啦啦','584991843@qq.com',0,'谢工','3931MUEQD1939MQMLM4AISPVNE',NULL,'18435997695','2019-05-02 17:57:44','10088'),(122,'广东深圳','2019-05-02 17:57:44','2019-05-02 17:57:44',0,'啦啦啦','584991843@qq.com',0,'林昭亮','3931MUEQD1939MQMLM4AISPVNE',NULL,'18435997695','2019-05-02 17:57:44','10089'),(123,'1','2019-05-02 17:57:44','2019-05-02 17:57:44',0,'啦啦啦','584991843@qq.com',0,'11','3931MUEQD1939MQMLM4AISPVNE',NULL,'18435997695','2019-05-02 17:57:44','10090'),(124,'1','2019-05-02 17:57:44','2019-05-02 17:57:44',0,'啦啦啦','584991843@qq.com',0,'1','3931MUEQD1939MQMLM4AISPVNE',NULL,'18435997695','2019-05-02 17:57:44','10091'),(125,'1','2019-05-02 17:57:44','2019-05-02 17:57:44',0,'啦啦啦','584991843@qq.com',0,'1','3931MUEQD1939MQMLM4AISPVNE',NULL,'18435997695','2019-05-02 17:57:44','10092'),(126,'1','2019-05-02 17:57:44','2019-05-02 17:57:44',0,'啦啦啦','584991843@qq.com',0,'1','3931MUEQD1939MQMLM4AISPVNE',NULL,'18435997695','2019-05-02 17:57:44','10093'),(127,'1','2019-05-02 17:57:44','2019-05-02 17:57:44',0,'啦啦啦','584991843@qq.com',0,'1','3931MUEQD1939MQMLM4AISPVNE',NULL,'18435997695','2019-05-02 17:57:44','10094'),(128,'1','2019-05-02 17:57:44','2019-05-02 17:57:44',0,'啦啦啦','584991843@qq.com',0,'1','3931MUEQD1939MQMLM4AISPVNE',NULL,'18435997695','2019-05-02 17:57:44','10095'),(129,'1','2019-05-02 17:57:44','2019-05-02 17:57:44',0,'啦啦啦','584991843@qq.com',0,'林伯渠','3931MUEQD1939MQMLM4AISPVNE',NULL,'18435997695','2019-05-02 17:57:44','10096'),(130,'1','2019-05-02 17:57:44','2019-05-02 17:57:44',0,'啦啦啦','584991843@qq.com',0,'1','3931MUEQD1939MQMLM4AISPVNE',NULL,'18435997695','2019-05-02 17:57:44','10097'),(131,'深圳市南山区','2019-05-02 17:57:44','2019-05-02 17:57:44',0,'啦啦啦','laowang@qq.com',0,'江南一点雨','3931MUEQD1939MQMLM4AISPVNE',NULL,'18435997695','2019-05-02 17:57:44','10098'),(132,'海南省海口市美兰区','2019-05-02 17:57:44','2019-05-02 17:57:44',0,'啦啦啦','chenjing@qq.com',0,'陈静','3931MUEQD1939MQMLM4AISPVNE',NULL,'18435997695','2019-05-02 17:57:44','10099'),(133,'中国山西运城盐湖区北乡镇复旦西街1155号','2019-05-04 00:00:00','2019-05-04 14:39:15',0,'拉拉',NULL,0,'股东会222','3931MUEQD1939MQMLM4AISPVNE',0,'123','2019-05-04 14:39:15','1111111'),(135,'中国山西运城盐湖区北乡镇复旦西街1155号','2019-05-12 00:00:00','2019-05-04 15:02:49',0,'拉拉','zhsan@19.com',0,'股东会222','3931MUEQD1939MQMLM4AISPVNE',0,'123','2019-05-04 15:02:49','2315214'),(136,'asdf','2019-05-12 00:00:00','2019-05-04 15:03:13',0,'拉拉','zhsan@19.com',0,'股东会222','3931MUEQD1939MQMLM4AISPVNE',0,'123','2019-05-04 15:03:13','1586138'),(137,'中国山西运城盐湖区北乡镇复旦西街1155号','2019-05-12 00:00:00','2019-05-04 15:05:28',0,'拉拉','zhsan@19.com',0,'股东会222','3931MUEQD1939MQMLM4AISPVNE',0,'123','2019-05-04 15:05:28','5434222'),(138,'中国山西运城盐湖区北乡镇复旦西街1155号','2019-05-01 00:00:00','2019-05-04 15:06:44',0,'拉拉','zhsan@19.com',0,'股东会222','3931MUEQD1939MQMLM4AISPVNE',0,'123','2019-05-04 15:06:44','9724112'),(140,'中国山西运城盐湖区北乡镇复旦西街1155号',NULL,'2019-05-04 15:08:04',0,'拉拉','zhsan@19.com',0,'股东会','3931MUEQD1939MQMLM4AISPVNE',0,'123','2019-05-04 15:08:04','1259867'),(141,'成都','2019-05-01 00:00:00','2019-05-04 15:10:38',0,'拉拉','qwe',0,'xujian1','3931MUEQD1939MQMLM4AISPVNE',0,'123','2019-05-04 15:10:38','4365629'),(142,'qwe','1999-05-18 00:00:00','2019-05-04 15:11:45',0,'拉拉','zhsan@19.com',0,'股东会','3931MUEQD1939MQMLM4AISPVNE',0,'123213','2019-05-04 15:11:45','2671546'),(143,'中国山西运城盐湖区北乡镇复旦西街1155号','1999-05-18 00:00:00','2019-05-04 15:12:37',0,'拉拉','zhsan@19.com',0,'股东会222','3931MUEQD1939MQMLM4AISPVNE',0,'123123','2019-05-04 15:12:37','5738784'),(144,'中国山西运城盐湖区北乡镇复旦西街1155号','1999-05-18 00:00:00','2019-05-04 15:13:14',0,'拉拉','zhsan@19.com',0,'股东会222','3931MUEQD1939MQMLM4AISPVNE',0,'123123','2019-05-04 15:13:14','2121965'),(145,'中国山西运城盐湖区北乡镇复旦西街1155号','2019-05-29 00:00:00','2019-05-04 15:13:36',0,'拉拉','zhsan@19.com',0,'股东会','3931MUEQD1939MQMLM4AISPVNE',0,'1321','2019-05-04 15:13:36','7713639'),(146,'qwe','2019-05-07 00:00:00','2019-05-04 15:14:38',0,'拉拉','zhsan@19.com',0,'qweqwe','3931MUEQD1939MQMLM4AISPVNE',0,'123213','2019-05-04 15:14:38','7191732'),(147,'成都','1999-05-18 00:00:00','2019-05-04 15:15:58',0,'拉拉','zhsan@19.com',0,'qqweqe','3931MUEQD1939MQMLM4AISPVNE',0,'123','2019-05-04 15:15:58','8788684'),(148,'中国山西运城盐湖区北乡镇复旦西街1155号','1999-05-18 00:00:00','2019-05-04 15:17:19',0,'拉拉','zhsan@19.com',0,'股东会222','3931MUEQD1939MQMLM4AISPVNE',0,'123213','2019-05-04 15:17:19','5193368'),(149,'123','2019-05-15 00:00:00','2019-05-04 15:17:52',0,'拉拉','zhsan@19.com',0,'123','3931MUEQD1939MQMLM4AISPVNE',0,'12313','2019-05-04 15:17:52','5484569'),(150,'中国山西运城盐湖区北乡镇复旦西街1155号','2014-06-03 00:00:00','2019-05-04 15:18:40',0,'拉拉',NULL,0,'qqqq','3931MUEQD1939MQMLM4AISPVNE',0,'123','2019-05-04 15:18:40','5951164'),(151,'中国山西运城盐湖区北乡镇复旦西街1155号','2019-05-14 00:00:00','2019-05-04 15:19:09',0,'拉拉','zhsan@19.com',0,'股东会222','3931MUEQD1939MQMLM4AISPVNE',0,'123','2019-05-04 15:19:09','9929913'),(152,'中国山西运城盐湖区北乡镇复旦西街1155号','2019-05-05 00:00:00','2019-05-04 15:19:38',0,'拉拉',NULL,0,'股东会222','3931MUEQD1939MQMLM4AISPVNE',0,'123213','2019-05-04 15:19:38','7587335'),(153,'中国山西运城盐湖区北乡镇复旦西街1155号','2019-05-01 00:00:00','2019-05-06 21:26:02',0,'拉拉','xj143068@163.com',0,'xujan','3931MUEQD1939MQMLM4AISPVNE',0,'123213','2019-05-06 21:26:02','1217678'),(154,'sdf','2019-05-03 00:00:00','2019-05-07 10:38:11',0,'拉拉','zhsan@19.com',0,'股东会222','3931MUEQD1939MQMLM4AISPVNE',0,'123213','2019-05-07 10:38:11','5762685'),(155,'asdf','2019-05-12 00:00:00','2019-05-08 10:43:12',0,'拉拉','zhsan@19.com',0,'许健先生','3931MUEQD1939MQMLM4AISPVNE',0,'123','2019-05-08 10:43:12','7184111');
insert  into `tb_user_role`(`user_id`,`role_id`) values (1,1),(33,3),(34,3),(35,3),(36,3),(37,3),(38,3),(39,3),(40,3),(41,3),(42,3),(43,3),(44,3),(45,3),(46,3),(47,3),(48,3),(49,3),(50,3),(51,3),(52,3),(53,3),(54,3),(55,3),(56,3),(57,3),(58,3),(59,3),(60,3),(61,3),(62,3),(63,3),(64,3),(65,3),(66,3),(67,3),(68,3),(69,3),(70,3),(71,3),(72,3),(73,3),(74,3),(75,3),(76,3),(77,3),(78,3),(79,3),(80,3),(81,3),(82,3),(83,3),(84,3),(85,3),(86,3),(87,3),(88,3),(89,3),(90,3),(91,3),(92,3),(93,3),(94,3),(95,3),(96,3),(97,3),(98,3),(99,3),(100,3),(101,3),(102,3),(103,3),(104,3),(105,3),(106,3),(107,3),(108,3),(109,3),(110,3),(111,3),(112,3),(113,3),(114,3),(115,3),(116,3),(117,3),(118,3),(119,3),(120,3),(121,3),(122,3),(123,3),(124,3),(125,3),(126,3),(127,3),(128,3),(129,3),(130,3),(131,3),(132,3),(2,6);

insert into tb_student (id, address, birthday, email, name, nation, nativeplace, phone, sex) values (1, '北京市海淀区', '1991-02-05 00:00:00', 'laowang@qq.com', '鹿存亮', '汉', '陕西', '15612347795', 0);
insert into tb_student (id, address, birthday, email, name, nation, nativeplace, phone, sex) values (2, '北京市海淀区', '1991-02-05 00:00:00', 'chenjing@qq.com', '许健先生', '汉', '海南', '15612347795', 0);
insert into tb_student (id, address, birthday, email, name, nation, nativeplace, phone, sex) values (3, '浙江嘉兴', '1991-02-05 00:00:00', 'zhao@qq.com', '高璐', '汉', '陕西', '15612347795', 0);
insert into tb_student (id, address, birthday, email, name, nation, nativeplace, phone, sex) values (4, '陕西省西安市莲湖区', '1990-01-03 00:00:00', 'zhao@qq.com', '鹿存亮', '汉', '陕西', '15612347795', 1);
insert into tb_student (id, address, birthday, email, name, nation, nativeplace, phone, sex) values (5, '河南洛阳人民大道58号', '1991-02-05 00:00:00', 'yaosen@qq.com', '姚森', '汉', '河南', '14785559936', 1);
insert into tb_student (id, address, birthday, email, name, nation, nativeplace, phone, sex) values (6, '陕西西安新城区', '1993-01-05 00:00:00', 'yunxing@qq.com', '云星', '汉', '陕西西安', '15644442252', 0);
insert into tb_student (id, address, birthday, email, name, nation, nativeplace, phone, sex) values (7, '广东省广州市天河区冼村路', '1993-11-11 00:00:00', 'jiaxuming@qq.com', '贾旭明', '汉', '广东广州', '15644441234', 1);
insert into tb_student (id, address, birthday, email, name, nation, nativeplace, phone, sex) values (8, '广东珠海', '1991-02-01 00:00:00', 'zhangliming@qq.com', '张黎明', '汉', '广东', '18979994478', 1);
insert into tb_student (id, address, birthday, email, name, nation, nativeplace, phone, sex) values (9, '西安市雁塔区', '1992-07-01 00:00:00', 'xuelei@qq.com', '薛磊', '汉', '陕西西安', '15648887741', 1);
insert into tb_student (id, address, birthday, email, name, nation, nativeplace, phone, sex) values (10, '海口市美兰区', '1990-10-09 00:00:00', 'zhangjie@qq.com', '张洁', '汉', '海南', '13695557742', 0);
insert into tb_student (id, address, birthday, email, name, nation, nativeplace, phone, sex) values (11, '深圳市南山区', '1990-01-01 00:00:00', 'laowang@qq.com', '江南一点雨2', '汉', '陕西', '18565558897', 1);
insert into tb_student (id, address, birthday, email, name, nation, nativeplace, phone, sex) values (12, '海南省海口市美兰区', '1989-02-01 00:00:00', 'chenjing@qq.com', '陈静2', '汉', '海南', '18795556693', 0);
insert into tb_student (id, address, birthday, email, name, nation, nativeplace, phone, sex) values (13, '陕西省西安市莲湖区', '1993-03-04 00:00:00', 'zhao@qq.com', '赵琳浩2', '汉', '陕西', '15698887795', 1);
insert into tb_student (id, address, birthday, email, name, nation, nativeplace, phone, sex) values (14, '陕西省西安市莲湖区', '1990-01-03 00:00:00', 'zhao@qq.com', '鹿存亮2', '汉', '陕西', '15612347795', 1);
insert into tb_student (id, address, birthday, email, name, nation, nativeplace, phone, sex) values (15, '河南洛阳人民大道58号', '1991-02-05 00:00:00', 'yaosen@qq.com', '姚森2', '汉', '河南', '14785559936', 1);
insert into tb_student (id, address, birthday, email, name, nation, nativeplace, phone, sex) values (16, '陕西西安新城区', '1993-01-05 00:00:00', 'yunxing@qq.com', '云星2', '汉', '陕西西安', '15644442252', 0);
insert into tb_student (id, address, birthday, email, name, nation, nativeplace, phone, sex) values (17, '广东省广州市天河区冼村路', '1993-11-11 00:00:00', 'jiaxuming@qq.com', '贾旭明2', '汉', '广东广州', '15644441234', 1);
insert into tb_student (id, address, birthday, email, name, nation, nativeplace, phone, sex) values (18, '广东珠海', '1991-02-01 00:00:00', 'zhangliming@qq.com', '王一亭', '汉', '广东', '18979994478', 1);
insert into tb_student (id, address, birthday, email, name, nation, nativeplace, phone, sex) values (19, '西安市雁塔区', '1992-07-01 00:00:00', 'xuelei@qq.com', '薛磊2', '汉', '陕西西安', '15648887741', 1);
insert into tb_student (id, address, birthday, email, name, nation, nativeplace, phone, sex) values (20, '海口市美兰区', '1990-10-09 00:00:00', 'zhangjie@qq.com', '张洁2', '汉', '海南', '13695557742', 0);
insert into tb_student (id, address, birthday, email, name, nation, nativeplace, phone, sex) values (21, '深圳市南山区', '1990-01-01 00:00:00', 'laowang@qq.com', '江南一点雨3', '汉', '陕西', '18565558897', 1);
insert into tb_student (id, address, birthday, email, name, nation, nativeplace, phone, sex) values (22, '海南省海口市美兰区', '1989-02-01 00:00:00', 'chenjing@qq.com', '陈静3', '汉', '海南', '18795556693', 0);
insert into tb_student (id, address, birthday, email, name, nation, nativeplace, phone, sex) values (23, '陕西省西安市莲湖区', '1990-01-03 00:00:00', 'zhao@qq.com', '鹿存亮3', '汉', '陕西', '15612347795', 1);
insert into tb_student (id, address, birthday, email, name, nation, nativeplace, phone, sex) values (24, '河南洛阳人民大道58号', '1991-02-05 00:00:00', 'yaosen@qq.com', '姚森3', '汉', '河南', '14785559936', 1);
insert into tb_student (id, address, birthday, email, name, nation, nativeplace, phone, sex) values (25, '陕西西安新城区', '1993-01-05 00:00:00', 'yunxing@qq.com', '云星3', '汉', '陕西西安', '15644442252', 0);
insert into tb_student (id, address, birthday, email, name, nation, nativeplace, phone, sex) values (26, '广东省广州市天河区冼村路', '1993-11-11 00:00:00', 'jiaxuming@qq.com', '贾旭明3', '汉', '广东广州', '15644441234', 1);
insert into tb_student (id, address, birthday, email, name, nation, nativeplace, phone, sex) values (27, '广东珠海', '1991-02-01 00:00:00', 'zhangliming@qq.com', '张黎明3', '汉', '广东', '18979994478', 1);
insert into tb_student (id, address, birthday, email, name, nation, nativeplace, phone, sex) values (28, '西安市雁塔区', '1992-07-01 00:00:00', 'xuelei@qq.com', '薛磊3', '汉', '陕西西安', '15648887741', 1);
insert into tb_student (id, address, birthday, email, name, nation, nativeplace, phone, sex) values (29, '深圳市南山区', '1990-01-01 00:00:00', 'laowang@qq.com', '江南一点雨4', '汉', '陕西', '18565558897', 1);
insert into tb_student (id, address, birthday, email, name, nation, nativeplace, phone, sex) values (30, '海南省海口市美兰区', '1989-02-01 00:00:00', 'chenjing@qq.com', '陈静4', '汉', '海南', '18795556693', 0);
insert into tb_student (id, address, birthday, email, name, nation, nativeplace, phone, sex) values (31, '陕西省西安市莲湖区', '1993-03-04 00:00:00', 'zhao@qq.com', '赵琳浩4', '汉', '陕西', '15698887795', 1);
insert into tb_student (id, address, birthday, email, name, nation, nativeplace, phone, sex) values (32, '陕西省西安市莲湖区', '1990-01-03 00:00:00', 'zhao@qq.com', '鹿存亮4', '汉', '陕西', '15612347795', 1);
insert into tb_student (id, address, birthday, email, name, nation, nativeplace, phone, sex) values (33, '河南洛阳人民大道58号', '1991-02-05 00:00:00', 'yaosen@qq.com', '姚森4', '汉', '河南', '14785559936', 1);
insert into tb_student (id, address, birthday, email, name, nation, nativeplace, phone, sex) values (34, '陕西西安新城区', '1993-01-05 00:00:00', 'yunxing@qq.com', '云星4', '汉', '陕西西安', '15644442252', 0);
insert into tb_student (id, address, birthday, email, name, nation, nativeplace, phone, sex) values (35, '广东省广州市天河区冼村路', '1993-11-11 00:00:00', 'jiaxuming@qq.com', '贾旭明4', '汉', '广东广州', '15644441234', 1);
insert into tb_student (id, address, birthday, email, name, nation, nativeplace, phone, sex) values (36, '广东珠海', '1991-02-01 00:00:00', 'zhangliming@qq.com', '张黎明2', '汉', '广东', '18979994478', 1);
insert into tb_student (id, address, birthday, email, name, nation, nativeplace, phone, sex) values (37, '西安市雁塔区', '1992-07-01 00:00:00', 'xuelei@qq.com', '薛磊4', '汉', '陕西西安', '15648887741', 1);
insert into tb_student (id, address, birthday, email, name, nation, nativeplace, phone, sex) values (38, '海口市美兰区', '1990-10-09 00:00:00', 'zhangjie@qq.com', '张洁4', '汉', '海南', '13695557742', 0);
insert into tb_student (id, address, birthday, email, name, nation, nativeplace, phone, sex) values (39, '深圳市南山区', '1990-01-01 00:00:00', 'laowang@qq.com', '江南一点雨5', '汉', '陕西', '18565558897', 1);
insert into tb_student (id, address, birthday, email, name, nation, nativeplace, phone, sex) values (40, '海南省海口市美兰区', '1989-02-01 00:00:00', 'chenjing@qq.com', '陈静5', '汉', '海南', '18795556693', 0);
insert into tb_student (id, address, birthday, email, name, nation, nativeplace, phone, sex) values (41, '陕西省西安市莲湖区', '1993-03-04 00:00:00', 'zhao@qq.com', '赵琳浩5', '汉', '陕西', '15698887795', 1);
insert into tb_student (id, address, birthday, email, name, nation, nativeplace, phone, sex) values (42, '陕西省西安市莲湖区', '1990-01-03 00:00:00', 'zhao@qq.com', '鹿存亮5', '汉', '陕西', '15612347795', 1);
insert into tb_student (id, address, birthday, email, name, nation, nativeplace, phone, sex) values (43, '河南洛阳人民大道58号', '1991-02-05 00:00:00', 'yaosen@qq.com', '姚森5', '汉', '河南', '14785559936', 1);
insert into tb_student (id, address, birthday, email, name, nation, nativeplace, phone, sex) values (44, '陕西西安新城区', '1993-01-05 00:00:00', 'yunxing@qq.com', '云星5', '汉', '陕西西安', '15644442252', 0);
insert into tb_student (id, address, birthday, email, name, nation, nativeplace, phone, sex) values (45, '广东省广州市天河区冼村路', '1993-11-11 00:00:00', 'jiaxuming@qq.com', '贾旭明5', '汉', '广东广州', '15644441234', 1);
insert into tb_student (id, address, birthday, email, name, nation, nativeplace, phone, sex) values (46, '广东珠海', '1991-02-01 00:00:00', 'zhangliming@qq.com', '张黎明5', '汉', '广东', '18979994478', 1);
insert into tb_student (id, address, birthday, email, name, nation, nativeplace, phone, sex) values (47, '西安市雁塔区', '1992-07-01 00:00:00', 'xuelei@qq.com', '薛磊5', '汉', '陕西西安', '15648887741', 1);
insert into tb_student (id, address, birthday, email, name, nation, nativeplace, phone, sex) values (48, '海口市美兰区', '1990-10-09 00:00:00', 'zhangjie@qq.com', '张洁5', '汉', '海南', '13695557742', 0);
insert into tb_student (id, address, birthday, email, name, nation, nativeplace, phone, sex) values (49, '深圳市南山区', '1990-01-01 00:00:00', 'laowang@qq.com', '江南一点雨6', '汉', '陕西', '18565558897', 1);
insert into tb_student (id, address, birthday, email, name, nation, nativeplace, phone, sex) values (50, '海南省海口市美兰区', '1989-02-01 00:00:00', 'chenjing@qq.com', '陈静6', '汉', '海南', '18795556693', 0);
insert into tb_student (id, address, birthday, email, name, nation, nativeplace, phone, sex) values (51, '陕西省西安市莲湖区', '1993-03-04 00:00:00', 'zhao@qq.com', '赵琳浩6', '汉', '陕西', '15698887795', 1);
insert into tb_student (id, address, birthday, email, name, nation, nativeplace, phone, sex) values (52, '陕西省西安市莲湖区', '1990-01-03 00:00:00', 'zhao@qq.com', '鹿存亮6', '汉', '陕西', '15612347795', 1);
insert into tb_student (id, address, birthday, email, name, nation, nativeplace, phone, sex) values (53, '河南洛阳人民大道58号', '1991-02-05 00:00:00', 'yaosen@qq.com', '姚森6', '汉', '河南', '14785559936', 1);
insert into tb_student (id, address, birthday, email, name, nation, nativeplace, phone, sex) values (54, '陕西西安新城区', '1993-01-05 00:00:00', 'yunxing@qq.com', '云星6', '汉', '陕西西安', '15644442252', 0);
insert into tb_student (id, address, birthday, email, name, nation, nativeplace, phone, sex) values (55, '深圳市南山区', '1990-01-01 00:00:00', 'laowang@qq.com', '江南一点雨', '汉', '陕西', '18565558897', 1);
insert into tb_student (id, address, birthday, email, name, nation, nativeplace, phone, sex) values (56, '海南省海口市美兰区', '1989-02-01 00:00:00', 'chenjing@qq.com', '陈静', '汉', '海南', '18795556693', 0);
insert into tb_student (id, address, birthday, email, name, nation, nativeplace, phone, sex) values (57, '陕西省西安市莲湖区', '1993-03-04 00:00:00', 'zhao@qq.com', '赵琳浩', '汉', '陕西', '15698887795', 1);
insert into tb_student (id, address, birthday, email, name, nation, nativeplace, phone, sex) values (58, '陕西省西安市莲湖区', '1990-01-03 00:00:00', 'zhao@qq.com', '鹿存亮', '汉', '陕西', '15612347795', 1);
insert into tb_student (id, address, birthday, email, name, nation, nativeplace, phone, sex) values (59, '河南洛阳人民大道58号', '1991-02-05 00:00:00', 'yaosen@qq.com', '姚森', '汉', '河南', '14785559936', 1);
insert into tb_student (id, address, birthday, email, name, nation, nativeplace, phone, sex) values (60, '广东省广州市天河区冼村路', '1993-11-11 00:00:00', 'jiaxuming@qq.com', '贾旭明', '汉', '广东广州', '15644441234', 1);
insert into tb_student (id, address, birthday, email, name, nation, nativeplace, phone, sex) values (61, '广东珠海', '1991-02-01 00:00:00', 'zhangliming@qq.com', '张黎明', '汉', '广东', '18979994478', 1);
insert into tb_student (id, address, birthday, email, name, nation, nativeplace, phone, sex) values (62, '西安市雁塔区', '1992-07-01 00:00:00', 'xuelei@qq.com', '薛磊', '汉', '陕西西安', '15648887741', 1);
insert into tb_student (id, address, birthday, email, name, nation, nativeplace, phone, sex) values (63, '海口市美兰区', '1990-10-09 00:00:00', 'zhangjie@qq.com', '张洁', '汉', '海南', '13695557742', 0);


insert into tb_course (id, enabled, name) values (1, '1', '语文');
insert into tb_course (id, enabled, name) values (2, '1', '数学');
insert into tb_course (id, enabled, name) values (3, '1', '体育');
insert into tb_course (id, enabled, name) values (4, '1', '美术');

insert into tb_dormitory (id, building, doorplate) values (1, '南风1宅', '1506');
insert into tb_dormitory (id, building, doorplate) values (2, '南风2宅', '1504');
insert into tb_dormitory (id, building, doorplate) values (3, '南风3宅', '1507');
insert into tb_dormitory (id, building, doorplate) values (4, '南风14', '1102');
insert into tb_dormitory (id, building, doorplate) values (5, '南风2宅', '1504');
insert into tb_dormitory (id, building, doorplate) values (6, '复旦1宅', '1301');
insert into tb_dormitory (id, building, doorplate) values (7, '复旦2宅', '1302');
insert into tb_dormitory (id, building, doorplate) values (8, '光华1宅', '1544');

insert into tb_student_dormitory (sid, did) values (1,  2);
insert into tb_student_dormitory (sid, did) values (2,  3);
insert into tb_student_dormitory (sid, did) values (3,  4);
insert into tb_student_dormitory (sid, did) values (4,  5);
insert into tb_student_dormitory (sid, did) values (5,  6);
insert into tb_student_dormitory (sid, did) values (6,  7);
insert into tb_student_dormitory (sid, did) values (7,  8);
insert into tb_student_dormitory (sid, did) values (8,  1);
insert into tb_student_dormitory (sid, did) values (9,  2);
insert into tb_student_dormitory (sid, did) values (10, 3);
insert into tb_student_dormitory (sid, did) values (11, 4);
insert into tb_student_dormitory (sid, did) values (12, 5);
insert into tb_student_dormitory (sid, did) values (13, 6);
insert into tb_student_dormitory (sid, did) values (14, 7);
insert into tb_student_dormitory (sid, did) values (15, 8);
insert into tb_student_dormitory (sid, did) values (16, 1);
insert into tb_student_dormitory (sid, did) values (17, 2);
insert into tb_student_dormitory (sid, did) values (18, 3);
insert into tb_student_dormitory (sid, did) values (19, 4);
insert into tb_student_dormitory (sid, did) values (20, 5);
insert into tb_student_dormitory (sid, did) values (21, 6);
insert into tb_student_dormitory (sid, did) values (22, 7);
insert into tb_student_dormitory (sid, did) values (23, 8);
insert into tb_student_dormitory (sid, did) values (24, 1);
insert into tb_student_dormitory (sid, did) values (25, 2);
insert into tb_student_dormitory (sid, did) values (26, 3);
insert into tb_student_dormitory (sid, did) values (27, 4);
insert into tb_student_dormitory (sid, did) values (28, 5);
insert into tb_student_dormitory (sid, did) values (29, 6);
insert into tb_student_dormitory (sid, did) values (30, 7);
insert into tb_student_dormitory (sid, did) values (31, 8);
insert into tb_student_dormitory (sid, did) values (32, 1);
insert into tb_student_dormitory (sid, did) values (33, 2);
insert into tb_student_dormitory (sid, did) values (34, 3);
insert into tb_student_dormitory (sid, did) values (35, 4);
insert into tb_student_dormitory (sid, did) values (36, 5);
insert into tb_student_dormitory (sid, did) values (37, 6);
insert into tb_student_dormitory (sid, did) values (38, 7);
insert into tb_student_dormitory (sid, did) values (39, 8);
insert into tb_student_dormitory (sid, did) values (40, 1);
insert into tb_student_dormitory (sid, did) values (41, 2);
insert into tb_student_dormitory (sid, did) values (42, 3);
insert into tb_student_dormitory (sid, did) values (43, 4);
insert into tb_student_dormitory (sid, did) values (44, 5);
insert into tb_student_dormitory (sid, did) values (45, 6);
insert into tb_student_dormitory (sid, did) values (46, 7);
insert into tb_student_dormitory (sid, did) values (47, 8);
insert into tb_student_dormitory (sid, did) values (48, 1);
insert into tb_student_dormitory (sid, did) values (49, 2);
insert into tb_student_dormitory (sid, did) values (50, 3);
insert into tb_student_dormitory (sid, did) values (51, 4);
insert into tb_student_dormitory (sid, did) values ( 52 , 5);
insert into tb_student_dormitory (sid, did) values ( 53 , 6);
insert into tb_student_dormitory (sid, did) values ( 54 , 7);
insert into tb_student_dormitory (sid, did) values ( 55 , 8);
insert into tb_student_dormitory (sid, did) values ( 56 , 1);
insert into tb_student_dormitory (sid, did) values ( 57 , 2);
insert into tb_student_dormitory (sid, did) values ( 58,  3);
insert into tb_student_dormitory (sid, did) values ( 59 , 4);
insert into tb_student_dormitory (sid, did) values ( 60 , 5);
insert into tb_student_dormitory (sid, did) values ( 61 , 6);
insert into tb_student_dormitory (sid, did) values ( 62 , 7);


insert into tb_teacher (id, address, birthday, email, name, nation, nativeplace, phone, sex) values (1, '河南洛阳人民大道58号', '1997-05-18 00:00:00', 'xj143068@163.com', '许老师', '汉', '浙江嘉兴', '110', 1);


