insert  into `tb_notice`(`id`,`content`,`ext1`,`title`,`tid`,`uid`,`create_time`) values (2,'safasfasfas','23423','23423',1,1,'2019-05-02 21:10:25'),(3,'safasfasfas','23423','23423',2,2,'2019-05-02 21:10:25'),(4,'safasfasfas','23423','23423',3,33,'2019-05-02 21:10:25'),(5,'safasfasfas','23423','23423',2,34,'2019-05-02 21:10:25'),(6,'safasfasfas','23423','23423',1,35,'2019-05-02 21:10:25'),(7,'safasfasfas','23423','23423',3,36,'2019-05-02 21:10:25'),(8,'safasfasfas','23423','23423',1,37,'2019-05-02 21:10:25'),(9,'safasfasfas','23423','23423',3,38,'2019-05-02 21:10:25'),(10,'safasfasfas','23423','23423',1,39,'2019-05-02 21:10:25'),(11,'safasfasfas','23423','23423',3,40,'2019-05-02 21:10:25'),(12,'safasfasfas','23423','23423',4,2,'2019-05-02 21:10:25'),(13,'safasfasfas','23423','23423',1,1,'2019-05-02 21:10:25'),(14,'safasfasfas','23423','23423',2,41,'2019-05-02 21:10:25'),(15,'safasfasfas','23423','23423',1,42,'2019-05-02 21:10:25'),(16,'safasfasfas','23423','23423',4,43,'2019-05-02 21:10:25'),(17,'safasfasfas','23423','23423',1,44,'2019-05-02 21:10:25'),(18,'safasfasfas','23423','23423',4,45,'2019-05-02 21:10:25'),(19,'safasfasfas','23423','23423',4,46,'2019-05-02 21:10:25'),(23,'撒打发士大夫十大',NULL,'5月5号团建哈',1,1,'2019-05-02 22:25:58'),(24,'11',NULL,'j',1,1,'2019-05-05 13:44:20');
insert  into `tb_notice_type`(`id`,`name`,`tid`) values (1,'系统通知',1),(2,'重要通知',1),(3,'团建通知',1),(4,'奖励通知',1);


insert into tb_resource (id, create_time, description, icon, is_hide, level, name, sort, source_key, source_url, type, update_time, parent_id) values (1, '2017-01-10 13:56:51', '用户管理', null, 0, 2, '用户管理', 1, 'system:user:index', '/admin/user/index', 1, '2019-05-08 11:26:00', null);
insert into tb_resource (id, create_time, description, icon, is_hide, level, name, sort, source_key, source_url, type, update_time, parent_id) values (2, '2017-01-10 13:56:51', '用户编辑', null, 0, 3, '用户编辑', 1, 'system:user:edit', '/admin/user/edit*', 2, '2019-05-08 11:26:00', 1);
insert into tb_resource (id, create_time, description, icon, is_hide, level, name, sort, source_key, source_url, type, update_time, parent_id) values (3, '2017-01-11 16:48:48', '用户添加', null, 0, 3, '用户添加', 2, 'system:user:add', '/admin/user/add', 2, '2019-05-08 11:26:00', 1);
insert into tb_resource (id, create_time, description, icon, is_hide, level, name, sort, source_key, source_url, type, update_time, parent_id) values (4, '2017-01-11 16:48:48', '用户删除', null, 0, 3, '用户删除', 3, 'system:user:deleteBatch', '/admin/user/deleteBatch', 2, '2019-05-08 11:26:00', 1);
insert into tb_resource (id, create_time, description, icon, is_hide, level, name, sort, source_key, source_url, type, update_time, parent_id) values (5, '2017-01-11 16:48:48', '角色分配', null, 0, 3, '角色分配', 4, 'system:user:grant', '/admin/user/grant/**', 2, '2019-05-08 11:26:00', 1);
insert into tb_resource (id, create_time, description, icon, is_hide, level, name, sort, source_key, source_url, type, update_time, parent_id) values (6, '2017-01-12 16:45:10', '角色管理', null, 0, 2, '角色管理', 2, 'system:role:index', '/admin/role/index', 1, '2019-05-08 11:26:00', null);
insert into tb_resource (id, create_time, description, icon, is_hide, level, name, sort, source_key, source_url, type, update_time, parent_id) values (7, '2017-01-12 16:47:02', '角色编辑', null, 0, 3, '角色编辑', 1, 'system:role:edit', '/admin/role/edit*', 2, '2019-05-08 11:26:00', 1);
insert into tb_resource (id, create_time, description, icon, is_hide, level, name, sort, source_key, source_url, type, update_time, parent_id) values (8, '2017-01-12 16:47:23', '角色添加', null, 0, 3, '角色添加', 2, 'system:role:add', '/admin/role/add', 2, '2019-05-08 11:26:00', 6);
insert into tb_resource (id, create_time, description, icon, is_hide, level, name, sort, source_key, source_url, type, update_time, parent_id) values (9, '2017-01-12 16:47:23', '角色删除', null, 0, 3, '角色删除', 3, 'system:role:deleteBatch', '/admin/role/deleteBatch', 2, '2019-05-08 11:26:00', 6);
insert into tb_resource (id, create_time, description, icon, is_hide, level, name, sort, source_key, source_url, type, update_time, parent_id) values (10, '2017-01-12 16:47:23', '资源分配', null, 0, 3, '资源分配', 4, 'system:role:grant', '/admin/role/grant/**', 2, '2019-05-08 11:26:00', 6);
insert into tb_resource (id, create_time, description, icon, is_hide, level, name, sort, source_key, source_url, type, update_time, parent_id) values (11, '2017-01-17 11:21:12', '资源管理', null, 0, 2, '资源管理', 3, 'system:resource:index', '/admin/resource/index', 1, '2019-05-08 11:26:00', null);
insert into tb_resource (id, create_time, description, icon, is_hide, level, name, sort, source_key, source_url, type, update_time, parent_id) values (12, '2017-01-17 11:21:52', '资源编辑', null, 0, 3, '资源编辑', 1, 'system:resource:edit', '/admin/resource/edit*', 2, '2019-05-08 11:26:00', 11);
insert into tb_resource (id, create_time, description, icon, is_hide, level, name, sort, source_key, source_url, type, update_time, parent_id) values (13, '2017-01-17 11:21:54', '资源添加', null, 0, 3, '资源添加', 2, 'system:resource:add', '/admin/resource/add', 2, '2019-05-08 11:26:00', 11);
insert into tb_resource (id, create_time, description, icon, is_hide, level, name, sort, source_key, source_url, type, update_time, parent_id) values (14, '2017-01-17 11:21:54', '资源删除', null, 0, 3, '资源删除', 3, 'system:resource:deleteBatch', '/admin/resource/deleteBatch', 2, '2019-05-08 11:26:00', 11);
insert into tb_resource (id, create_time, description, icon, is_hide, level, name, sort, source_key, source_url, type, update_time, parent_id) values (15, '2017-01-10 13:56:51', '学生管理', null, 0, 2, '学生管理', 4, 'system:student:index', '/admin/student/index', 1, '2019-05-08 11:26:00', null);
insert into tb_resource (id, create_time, description, icon, is_hide, level, name, sort, source_key, source_url, type, update_time, parent_id) values (16, '2017-01-10 13:56:51', '学生修改', null, 0, 3, '学生编辑', 1, 'system:student:edit', '/admin/student/edit*', 2, '2019-05-08 11:26:00', 15);
insert into tb_resource (id, create_time, description, icon, is_hide, level, name, sort, source_key, source_url, type, update_time, parent_id) values (17, '2017-01-11 16:48:48', '学生添加', null, 0, 3, '学生添加', 2, 'system:student:add', '/admin/student/add', 2, '2019-05-08 11:26:00', 15);
insert into tb_resource (id, create_time, description, icon, is_hide, level, name, sort, source_key, source_url, type, update_time, parent_id) values (18, '2017-01-11 16:48:48', '学生删除', null, 0, 3, '学生删除', 3, 'system:student:delete', '/admin/student/delete*', 2, '2019-05-08 11:26:00', 15);
insert into tb_resource (id, create_time, description, icon, is_hide, level, name, sort, source_key, source_url, type, update_time, parent_id) values (24, '2017-01-10 13:56:51', '课程管理', null, 0, 2, '课程管理', 1, 'system:course:index', '/admin/course/index', 1, '2019-05-08 11:26:00', null);
insert into tb_resource (id, create_time, description, icon, is_hide, level, name, sort, source_key, source_url, type, update_time, parent_id) values (25, '2017-01-10 13:56:51', '课程修改', null, 0, 3, '课程编辑', 1, 'system:course:edit', '/admin/course/edit*', 2, '2019-05-08 11:26:00', 24);
insert into tb_resource (id, create_time, description, icon, is_hide, level, name, sort, source_key, source_url, type, update_time, parent_id) values (26, '2017-01-11 16:48:48', '课程添加', null, 0, 3, '课程添加', 2, 'system:course:add', '/admin/course/add', 2, '2019-05-08 11:26:00', 24);
insert into tb_resource (id, create_time, description, icon, is_hide, level, name, sort, source_key, source_url, type, update_time, parent_id) values (27, '2017-01-11 16:48:48', '课程删除', null, 0, 3, '课程删除', 3, 'system:course:delete', '/admin/course/delete*', 2, '2019-05-08 11:26:00', 24);
insert into tb_resource (id, create_time, description, icon, is_hide, level, name, sort, source_key, source_url, type, update_time, parent_id) values (28, '2017-01-10 13:56:51', '教师管理', null, 0, 2, '教师管理', 1, 'system:teacher:index', '/admin/teacher/index', 1, '2019-05-08 11:26:00', null);
insert into tb_resource (id, create_time, description, icon, is_hide, level, name, sort, source_key, source_url, type, update_time, parent_id) values (29, '2017-01-10 13:56:51', '教师修改', null, 0, 3, '教师编辑', 1, 'system:teacher:edit', '/admin/teacher/edit*', 2, '2019-05-08 11:26:00', 28);
insert into tb_resource (id, create_time, description, icon, is_hide, level, name, sort, source_key, source_url, type, update_time, parent_id) values (30, '2017-01-11 16:48:48', '教师添加', null, 0, 3, '教师添加', 2, 'system:teacher:add', '/admin/teacher/add', 2, '2019-05-08 11:26:00', 28);
insert into tb_resource (id, create_time, description, icon, is_hide, level, name, sort, source_key, source_url, type, update_time, parent_id) values (31, '2017-01-11 16:48:48', '教师删除', null, 0, 3, '教师删除', 3, 'system:teacher:delete', '/admin/teacher/delete*', 2, '2019-05-08 11:26:00', 28);
insert into tb_resource (id, create_time, description, icon, is_hide, level, name, sort, source_key, source_url, type, update_time, parent_id) values (32, '2017-01-10 13:56:51', '宿舍管理', null, 0, 2, '宿舍管理', 1, 'system:dorm:index', '/admin/dorm/index', 1, '2019-05-08 11:26:00', null);
insert into tb_resource (id, create_time, description, icon, is_hide, level, name, sort, source_key, source_url, type, update_time, parent_id) values (33, '2017-01-10 13:56:51', '宿舍修改', null, 0, 3, '宿舍编辑', 1, 'system:dorm:edit', '/admin/dorm/edit*', 2, '2019-05-08 11:26:00', 32);
insert into tb_resource (id, create_time, description, icon, is_hide, level, name, sort, source_key, source_url, type, update_time, parent_id) values (34, '2017-01-11 16:48:48', '宿舍查看', null, 0, 3, '宿舍查看', 2, 'system:dorm:add', '/admin/dorm/add', 2, '2019-05-08 11:26:00', 32);
insert into tb_resource (id, create_time, description, icon, is_hide, level, name, sort, source_key, source_url, type, update_time, parent_id) values (35, '2017-01-10 13:56:51', '宿舍删除', null, 0, 3, '宿舍删除', 3, 'system:dorm:delete', '/admin/dorm/delete', 1, '2019-05-08 11:26:00', 32);
insert into tb_resource (id, create_time, description, icon, is_hide, level, name, sort, source_key, source_url, type, update_time, parent_id) values (36, '2017-01-10 13:56:51', '公告管理', null, 0, 3, '公告管理', 1, 'system:notice:index', '/admin/notice/index', 2, '2019-05-08 11:26:00', null);
insert into tb_resource (id, create_time, description, icon, is_hide, level, name, sort, source_key, source_url, type, update_time, parent_id) values (37, '2017-01-10 13:56:51', '公告查看', null, 0, 3, '公告查看', 1, 'system:notice:edit', '/admin/notice/edit*', 2, '2019-05-08 11:26:00', 36);
insert into tb_resource (id, create_time, description, icon, is_hide, level, name, sort, source_key, source_url, type, update_time, parent_id) values (38, '2017-01-11 16:48:48', '公告添加', null, 0, 3, '公告添加', 2, 'system:notice:add', '/admin/notice/add', 2, '2019-05-08 11:26:00', 36);
insert into tb_resource (id, create_time, description, icon, is_hide, level, name, sort, source_key, source_url, type, update_time, parent_id) values (39, '2017-01-11 16:48:48', '公告删除', null, 0, 3, '公告删除', 3, 'system:notice:delete', '/admin/notice/delete*', 2, '2019-05-08 11:26:00', 36);
insert into tb_resource (id, create_time, description, icon, is_hide, level, name, sort, source_key, source_url, type, update_time, parent_id) values (40, '2017-01-10 13:56:51', '处分管理', null, 0, 2, '处分管理', 1, 'system:disc:index', '/admin/disc/index', 1, '2019-05-08 11:26:00', null);
insert into tb_resource (id, create_time, description, icon, is_hide, level, name, sort, source_key, source_url, type, update_time, parent_id) values (41, '2017-01-10 13:56:51', '处分修改', null, 0, 3, '处分修改', 1, 'system:disc:edit', '/admin/disc/edit*', 2, '2019-05-08 11:26:00', 40);
insert into tb_resource (id, create_time, description, icon, is_hide, level, name, sort, source_key, source_url, type, update_time, parent_id) values (42, '2017-01-10 13:56:51', '成绩管理', null, 0, 3, '成绩管理', 1, 'system:score:index', '/admin/score/index', 2, '2019-05-08 11:26:00', null);
insert into tb_resource (id, create_time, description, icon, is_hide, level, name, sort, source_key, source_url, type, update_time, parent_id) values (43, '2017-01-10 13:56:51', '成绩查看', null, 0, 3, '成绩查看', 1, 'system:score:edit', '/admin/score/edit*', 2, '2019-05-08 11:26:00', 42);
insert into tb_resource (id, create_time, description, icon, is_hide, level, name, sort, source_key, source_url, type, update_time, parent_id) values (44, '2017-01-11 16:48:48', '成绩添加', null, 0, 3, '成绩添加', 2, 'system:score:add', '/admin/score/add', 2, '2019-05-08 11:26:00', 42);
insert into tb_resource (id, create_time, description, icon, is_hide, level, name, sort, source_key, source_url, type, update_time, parent_id) values (45, '2017-01-11 16:48:48', '成绩删除', null, 0, 3, '成绩删除', 3, 'system:score:delete', '/admin/score/delete*', 2, '2019-05-08 11:26:00', 42);




insert into tb_user (id, address, birthday, create_time, delete_status, description, email, locked, nick_name, password, sex, telephone, update_time, user_name) values (1, '成都', '1997-05-18 00:00:00', '2019-05-02 17:57:44', 0, '超级管理员', 'xj143068@163.com', 0, 'admin', '3931MUEQD1939MQMLM4AISPVNE', 1, '18435997695', '2019-05-02 20:13:57', 'admin');
insert into tb_user (id, address, birthday, create_time, delete_status, description, email, locked, nick_name, password, sex, telephone, update_time, user_name) values (2, '1', '2019-05-02 17:57:44', '2019-05-02 17:57:44', 0, '啦啦啦', 'xj143068@163.com', 0, 'xujian', '3931MUEQD1939MQMLM4AISPVNE', 1, '18435997695', '2019-05-02 17:57:44', 'xujian');
insert into tb_user (id, address, birthday, create_time, delete_status, description, email, locked, nick_name, password, sex, telephone, update_time, user_name) values (33, '深圳市南山区', '2019-05-02 17:57:44', '2019-05-02 17:57:44', 0, '啦啦啦', 'laowang@qq.com', 0, '江南一点雨', '3931MUEQD1939MQMLM4AISPVNE', null, '18435997695', '2019-05-02 17:57:44', '10000');
insert into tb_user (id, address, birthday, create_time, delete_status, description, email, locked, nick_name, password, sex, telephone, update_time, user_name) values (34, '海南省海口市美兰区', '2019-05-02 17:57:44', '2019-05-02 17:57:44', 0, '啦啦啦', 'chenjing@qq.com', 0, '陈静', '3931MUEQD1939MQMLM4AISPVNE', null, '18435997695', '2019-05-02 17:57:44', '10001');
insert into tb_user (id, address, birthday, create_time, delete_status, description, email, locked, nick_name, password, sex, telephone, update_time, user_name) values (35, '陕西省西安市莲湖区', '2019-05-02 17:57:44', '2019-05-02 17:57:44', 0, '啦啦啦', 'zhao@qq.com', 0, '赵琳浩', '3931MUEQD1939MQMLM4AISPVNE', null, '18435997695', '2019-05-02 17:57:44', '10002');
insert into tb_user (id, address, birthday, create_time, delete_status, description, email, locked, nick_name, password, sex, telephone, update_time, user_name) values (36, '陕西省西安市莲湖区', '2019-05-02 17:57:44', '2019-05-02 17:57:44', 0, '啦啦啦', 'zhao@qq.com', 0, '鹿存亮', '3931MUEQD1939MQMLM4AISPVNE', null, '18435997695', '2019-05-02 17:57:44', '10003');
insert into tb_user (id, address, birthday, create_time, delete_status, description, email, locked, nick_name, password, sex, telephone, update_time, user_name) values (37, '河南洛阳人民大道58号', '2019-05-02 17:57:44', '2019-05-02 17:57:44', 0, '啦啦啦', 'yaosen@qq.com', 0, '姚森', '3931MUEQD1939MQMLM4AISPVNE', null, '18435997695', '2019-05-02 17:57:44', '10004');
insert into tb_user (id, address, birthday, create_time, delete_status, description, email, locked, nick_name, password, sex, telephone, update_time, user_name) values (38, '陕西西安新城区', '2019-05-02 17:57:44', '2019-05-02 17:57:44', 0, '啦啦啦', 'yunxing@qq.com', 0, '云星', '3931MUEQD1939MQMLM4AISPVNE', null, '18435997695', '2019-05-02 17:57:44', '10005');
insert into tb_user (id, address, birthday, create_time, delete_status, description, email, locked, nick_name, password, sex, telephone, update_time, user_name) values (39, '广东省广州市天河区冼村路', '2019-05-02 17:57:44', '2019-05-02 17:57:44', 0, '啦啦啦', 'jiaxuming@qq.com', 0, '贾旭明', '3931MUEQD1939MQMLM4AISPVNE', null, '18435997695', '2019-05-02 17:57:44', '10006');
insert into tb_user (id, address, birthday, create_time, delete_status, description, email, locked, nick_name, password, sex, telephone, update_time, user_name) values (40, '广东珠海', '2019-05-02 17:57:44', '2019-05-02 17:57:44', 0, '啦啦啦', 'zhangliming@qq.com', 0, '张黎明', '3931MUEQD1939MQMLM4AISPVNE', null, '18435997695', '2019-05-02 17:57:44', '10007');
insert into tb_user (id, address, birthday, create_time, delete_status, description, email, locked, nick_name, password, sex, telephone, update_time, user_name) values (41, '西安市雁塔区', '2019-05-02 17:57:44', '2019-05-02 17:57:44', 0, '啦啦啦', 'xuelei@qq.com', 0, '薛磊', '3931MUEQD1939MQMLM4AISPVNE', null, '18435997695', '2019-05-02 17:57:44', '10008');
insert into tb_user (id, address, birthday, create_time, delete_status, description, email, locked, nick_name, password, sex, telephone, update_time, user_name) values (42, '海口市美兰区', '2019-05-02 17:57:44', '2019-05-02 17:57:44', 0, '啦啦啦', 'zhangjie@qq.com', 0, '张洁', '3931MUEQD1939MQMLM4AISPVNE', null, '18435997695', '2019-05-02 17:57:44', '10009');
insert into tb_user (id, address, birthday, create_time, delete_status, description, email, locked, nick_name, password, sex, telephone, update_time, user_name) values (43, '深圳市南山区', '2019-05-02 17:57:44', '2019-05-02 17:57:44', 0, '啦啦啦', 'laowang@qq.com', 0, '江南一点雨2', '3931MUEQD1939MQMLM4AISPVNE', null, '18435997695', '2019-05-02 17:57:44', '10010');
insert into tb_user (id, address, birthday, create_time, delete_status, description, email, locked, nick_name, password, sex, telephone, update_time, user_name) values (44, '海南省海口市美兰区', '2019-05-02 17:57:44', '2019-05-02 17:57:44', 0, '啦啦啦', 'chenjing@qq.com', 0, '陈静2', '3931MUEQD1939MQMLM4AISPVNE', null, '18435997695', '2019-05-02 17:57:44', '10011');
insert into tb_user (id, address, birthday, create_time, delete_status, description, email, locked, nick_name, password, sex, telephone, update_time, user_name) values (45, '陕西省西安市莲湖区', '2019-05-02 17:57:44', '2019-05-02 17:57:44', 0, '啦啦啦', 'zhao@qq.com', 0, '赵琳浩2', '3931MUEQD1939MQMLM4AISPVNE', null, '18435997695', '2019-05-02 17:57:44', '10012');
insert into tb_user (id, address, birthday, create_time, delete_status, description, email, locked, nick_name, password, sex, telephone, update_time, user_name) values (46, '陕西省西安市莲湖区', '2019-05-02 17:57:44', '2019-05-02 17:57:44', 0, '啦啦啦', 'zhao@qq.com', 0, '鹿存亮2', '3931MUEQD1939MQMLM4AISPVNE', null, '18435997695', '2019-05-02 17:57:44', '10013');
insert into tb_user (id, address, birthday, create_time, delete_status, description, email, locked, nick_name, password, sex, telephone, update_time, user_name) values (47, '河南洛阳人民大道58号', '2019-05-02 17:57:44', '2019-05-02 17:57:44', 0, '啦啦啦', 'yaosen@qq.com', 0, '姚森2', '3931MUEQD1939MQMLM4AISPVNE', null, '18435997695', '2019-05-02 17:57:44', '10014');
insert into tb_user (id, address, birthday, create_time, delete_status, description, email, locked, nick_name, password, sex, telephone, update_time, user_name) values (48, '陕西西安新城区', '2019-05-02 17:57:44', '2019-05-02 17:57:44', 0, '啦啦啦', 'yunxing@qq.com', 0, '云星2', '3931MUEQD1939MQMLM4AISPVNE', null, '18435997695', '2019-05-02 17:57:44', '10015');
insert into tb_user (id, address, birthday, create_time, delete_status, description, email, locked, nick_name, password, sex, telephone, update_time, user_name) values (49, '广东省广州市天河区冼村路', '2019-05-02 17:57:44', '2019-05-02 17:57:44', 0, '啦啦啦', 'jiaxuming@qq.com', 0, '贾旭明2', '3931MUEQD1939MQMLM4AISPVNE', null, '18435997695', '2019-05-02 17:57:44', '10016');
insert into tb_user (id, address, birthday, create_time, delete_status, description, email, locked, nick_name, password, sex, telephone, update_time, user_name) values (50, '广东珠海', '2019-05-02 17:57:44', '2019-05-02 17:57:44', 0, '啦啦啦', 'zhangliming@qq.com', 0, '王一亭', '3931MUEQD1939MQMLM4AISPVNE', null, '18435997695', '2019-05-02 17:57:44', '10017');
insert into tb_user (id, address, birthday, create_time, delete_status, description, email, locked, nick_name, password, sex, telephone, update_time, user_name) values (51, '西安市雁塔区', '2019-05-02 17:57:44', '2019-05-02 17:57:44', 0, '啦啦啦', 'xuelei@qq.com', 0, '薛磊2', '3931MUEQD1939MQMLM4AISPVNE', null, '18435997695', '2019-05-02 17:57:44', '10018');
insert into tb_user (id, address, birthday, create_time, delete_status, description, email, locked, nick_name, password, sex, telephone, update_time, user_name) values (52, '海口市美兰区', '2019-05-02 17:57:44', '2019-05-02 17:57:44', 0, '啦啦啦', 'zhangjie@qq.com', 0, '张洁2', '3931MUEQD1939MQMLM4AISPVNE', null, '18435997695', '2019-05-02 17:57:44', '10019');
insert into tb_user (id, address, birthday, create_time, delete_status, description, email, locked, nick_name, password, sex, telephone, update_time, user_name) values (53, '深圳市南山区', '2019-05-02 17:57:44', '2019-05-02 17:57:44', 0, '啦啦啦', 'laowang@qq.com', 0, '江南一点雨3', '3931MUEQD1939MQMLM4AISPVNE', null, '18435997695', '2019-05-02 17:57:44', '10020');
insert into tb_user (id, address, birthday, create_time, delete_status, description, email, locked, nick_name, password, sex, telephone, update_time, user_name) values (54, '海南省海口市美兰区', '2019-05-02 17:57:44', '2019-05-02 17:57:44', 0, '啦啦啦', 'chenjing@qq.com', 0, '陈静3', '3931MUEQD1939MQMLM4AISPVNE', null, '18435997695', '2019-05-02 17:57:44', '10021');
insert into tb_user (id, address, birthday, create_time, delete_status, description, email, locked, nick_name, password, sex, telephone, update_time, user_name) values (55, '陕西省西安市莲湖区', '2019-05-02 17:57:44', '2019-05-02 17:57:44', 0, '啦啦啦', 'zhao@qq.com', 0, '鹿存亮3', '3931MUEQD1939MQMLM4AISPVNE', null, '18435997695', '2019-05-02 17:57:44', '10022');
insert into tb_user (id, address, birthday, create_time, delete_status, description, email, locked, nick_name, password, sex, telephone, update_time, user_name) values (56, '河南洛阳人民大道58号', '2019-05-02 17:57:44', '2019-05-02 17:57:44', 0, '啦啦啦', 'yaosen@qq.com', 0, '姚森3', '3931MUEQD1939MQMLM4AISPVNE', null, '18435997695', '2019-05-02 17:57:44', '10023');
insert into tb_user (id, address, birthday, create_time, delete_status, description, email, locked, nick_name, password, sex, telephone, update_time, user_name) values (57, '陕西西安新城区', '2019-05-02 17:57:44', '2019-05-02 17:57:44', 0, '啦啦啦', 'yunxing@qq.com', 0, '云星3', '3931MUEQD1939MQMLM4AISPVNE', null, '18435997695', '2019-05-02 17:57:44', '10024');
insert into tb_user (id, address, birthday, create_time, delete_status, description, email, locked, nick_name, password, sex, telephone, update_time, user_name) values (58, '广东省广州市天河区冼村路', '2019-05-02 17:57:44', '2019-05-02 17:57:44', 0, '啦啦啦', 'jiaxuming@qq.com', 0, '贾旭明3', '3931MUEQD1939MQMLM4AISPVNE', null, '18435997695', '2019-05-02 17:57:44', '10025');
insert into tb_user (id, address, birthday, create_time, delete_status, description, email, locked, nick_name, password, sex, telephone, update_time, user_name) values (59, '广东珠海', '2019-05-02 17:57:44', '2019-05-02 17:57:44', 0, '啦啦啦', 'zhangliming@qq.com', 0, '张黎明3', '3931MUEQD1939MQMLM4AISPVNE', null, '18435997695', '2019-05-02 17:57:44', '10026');
insert into tb_user (id, address, birthday, create_time, delete_status, description, email, locked, nick_name, password, sex, telephone, update_time, user_name) values (60, '西安市雁塔区', '2019-05-02 17:57:44', '2019-05-02 17:57:44', 0, '啦啦啦', 'xuelei@qq.com', 0, '薛磊3', '3931MUEQD1939MQMLM4AISPVNE', null, '18435997695', '2019-05-02 17:57:44', '10027');
insert into tb_user (id, address, birthday, create_time, delete_status, description, email, locked, nick_name, password, sex, telephone, update_time, user_name) values (61, '深圳市南山区', '2019-05-02 17:57:44', '2019-05-02 17:57:44', 0, '啦啦啦', 'laowang@qq.com', 0, '江南一点雨4', '3931MUEQD1939MQMLM4AISPVNE', null, '18435997695', '2019-05-02 17:57:44', '10028');
insert into tb_user (id, address, birthday, create_time, delete_status, description, email, locked, nick_name, password, sex, telephone, update_time, user_name) values (62, '海南省海口市美兰区', '2019-05-02 17:57:44', '2019-05-02 17:57:44', 0, '啦啦啦', 'chenjing@qq.com', 0, '陈静4', '3931MUEQD1939MQMLM4AISPVNE', null, '18435997695', '2019-05-02 17:57:44', '10029');


insert  into `tb_role`(`id`,`create_time`,`description`,`name`,`role_key`,`status`,`update_time`) values (1,'2017-01-09 17:25:30','超级管理员','administrator','administrator',0,'2017-01-09 17:26:25'),(2,'2019-05-02 16:12:27','教师','教师','教师',0,'2019-05-02 16:12:27'),(3,'2019-05-02 16:12:56','学生','学生','学生',0,'2019-05-02 16:12:56');

insert into tb_role_resource (role_id, resource_id) values (1, 1);
insert into tb_role_resource (role_id, resource_id) values (1, 2);
insert into tb_role_resource (role_id, resource_id) values (1, 3);
insert into tb_role_resource (role_id, resource_id) values (1, 4);
insert into tb_role_resource (role_id, resource_id) values (1, 5);
insert into tb_role_resource (role_id, resource_id) values (1, 6);
insert into tb_role_resource (role_id, resource_id) values (1, 7);
insert into tb_role_resource (role_id, resource_id) values (1, 8);
insert into tb_role_resource (role_id, resource_id) values (1, 9);
insert into tb_role_resource (role_id, resource_id) values (1, 10);
insert into tb_role_resource (role_id, resource_id) values (1, 11);
insert into tb_role_resource (role_id, resource_id) values (1, 12);
insert into tb_role_resource (role_id, resource_id) values (1, 13);
insert into tb_role_resource (role_id, resource_id) values (1, 14);
insert into tb_role_resource (role_id, resource_id) values (1, 15);
insert into tb_role_resource (role_id, resource_id) values (2, 15);
insert into tb_role_resource (role_id, resource_id) values (1, 16);
insert into tb_role_resource (role_id, resource_id) values (2, 16);
insert into tb_role_resource (role_id, resource_id) values (1, 17);
insert into tb_role_resource (role_id, resource_id) values (2, 17);
insert into tb_role_resource (role_id, resource_id) values (1, 18);
insert into tb_role_resource (role_id, resource_id) values (2, 18);
insert into tb_role_resource (role_id, resource_id) values (1, 24);
insert into tb_role_resource (role_id, resource_id) values (2, 24);
insert into tb_role_resource (role_id, resource_id) values (3, 24);
insert into tb_role_resource (role_id, resource_id) values (1, 25);
insert into tb_role_resource (role_id, resource_id) values (2, 25);
insert into tb_role_resource (role_id, resource_id) values (3, 25);
insert into tb_role_resource (role_id, resource_id) values (1, 26);
insert into tb_role_resource (role_id, resource_id) values (2, 26);
insert into tb_role_resource (role_id, resource_id) values (3, 26);
insert into tb_role_resource (role_id, resource_id) values (1, 27);
insert into tb_role_resource (role_id, resource_id) values (2, 27);
insert into tb_role_resource (role_id, resource_id) values (3, 27);
insert into tb_role_resource (role_id, resource_id) values (1, 28);
insert into tb_role_resource (role_id, resource_id) values (2, 28);
insert into tb_role_resource (role_id, resource_id) values (1, 29);
insert into tb_role_resource (role_id, resource_id) values (2, 29);
insert into tb_role_resource (role_id, resource_id) values (1, 30);
insert into tb_role_resource (role_id, resource_id) values (2, 30);
insert into tb_role_resource (role_id, resource_id) values (1, 31);
insert into tb_role_resource (role_id, resource_id) values (2, 31);
insert into tb_role_resource (role_id, resource_id) values (1, 32);
insert into tb_role_resource (role_id, resource_id) values (2, 32);
insert into tb_role_resource (role_id, resource_id) values (1, 33);
insert into tb_role_resource (role_id, resource_id) values (2, 33);
insert into tb_role_resource (role_id, resource_id) values (1, 34);
insert into tb_role_resource (role_id, resource_id) values (2, 34);
insert into tb_role_resource (role_id, resource_id) values (1, 35);
insert into tb_role_resource (role_id, resource_id) values (2, 35);
insert into tb_role_resource (role_id, resource_id) values (1, 36);
insert into tb_role_resource (role_id, resource_id) values (2, 36);
insert into tb_role_resource (role_id, resource_id) values (1, 37);
insert into tb_role_resource (role_id, resource_id) values (2, 37);
insert into tb_role_resource (role_id, resource_id) values (1, 38);
insert into tb_role_resource (role_id, resource_id) values (2, 38);
insert into tb_role_resource (role_id, resource_id) values (1, 39);
insert into tb_role_resource (role_id, resource_id) values (2, 39);
insert into tb_role_resource (role_id, resource_id) values (1, 40);
insert into tb_role_resource (role_id, resource_id) values (2, 40);
insert into tb_role_resource (role_id, resource_id) values (1, 41);
insert into tb_role_resource (role_id, resource_id) values (1, 42);
insert into tb_role_resource (role_id, resource_id) values (1, 43);
insert into tb_role_resource (role_id, resource_id) values (1, 44);
insert into tb_role_resource (role_id, resource_id) values (1, 45);
insert into tb_role_resource (role_id, resource_id) values (2, 42);
insert into tb_role_resource (role_id, resource_id) values (2, 43);
insert into tb_role_resource (role_id, resource_id) values (2, 44);
insert into tb_role_resource (role_id, resource_id) values (2, 45);
insert into tb_role_resource (role_id, resource_id) values (3, 42);




insert into tb_user_role (user_id, role_id) values (1, 1);
insert into tb_user_role (user_id, role_id) values (2, 2);
insert into tb_user_role (user_id, role_id) values (33, 3);
insert into tb_user_role (user_id, role_id) values (34, 3);
insert into tb_user_role (user_id, role_id) values (35, 3);
insert into tb_user_role (user_id, role_id) values (36, 3);
insert into tb_user_role (user_id, role_id) values (37, 3);
insert into tb_user_role (user_id, role_id) values (38, 3);
insert into tb_user_role (user_id, role_id) values (39, 3);
insert into tb_user_role (user_id, role_id) values (40, 3);
insert into tb_user_role (user_id, role_id) values (41, 3);
insert into tb_user_role (user_id, role_id) values (42, 3);
insert into tb_user_role (user_id, role_id) values (43, 3);
insert into tb_user_role (user_id, role_id) values (44, 3);
insert into tb_user_role (user_id, role_id) values (45, 3);
insert into tb_user_role (user_id, role_id) values (46, 3);
insert into tb_user_role (user_id, role_id) values (47, 3);
insert into tb_user_role (user_id, role_id) values (48, 3);
insert into tb_user_role (user_id, role_id) values (49, 3);
insert into tb_user_role (user_id, role_id) values (50, 3);
insert into tb_user_role (user_id, role_id) values (51, 3);
insert into tb_user_role (user_id, role_id) values (52, 3);
insert into tb_user_role (user_id, role_id) values (53, 3);
insert into tb_user_role (user_id, role_id) values (54, 3);
insert into tb_user_role (user_id, role_id) values (55, 3);
insert into tb_user_role (user_id, role_id) values (56, 3);
insert into tb_user_role (user_id, role_id) values (57, 3);
insert into tb_user_role (user_id, role_id) values (58, 3);
insert into tb_user_role (user_id, role_id) values (59, 3);
insert into tb_user_role (user_id, role_id) values (60, 3);
insert into tb_user_role (user_id, role_id) values (61, 3);
insert into tb_user_role (user_id, role_id) values (62, 3);


insert into tb_student (id, address, birthday, email, name, nation, nativeplace, phone, sex) values (1, '北京市海淀区', '1991-02-05 00:00:00', 'laowang@qq.com', '鹿存亮', '汉', '陕西', '15612347795', 0);
insert into tb_student (id, address, birthday, email, name, nation, nativeplace, phone, sex) values (2, '北京市海淀区', '1991-02-05 00:00:00', 'chenjing@qq.com', '许健先生', '汉', '海南', '15612347795', 0);
insert into tb_student (id, address, birthday, email, name, nation, nativeplace, phone, sex) values (3, '浙江嘉兴', '1991-02-05 00:00:00', 'zhao@qq.com', '高璐', '汉', '陕西', '15612347795', 0);
insert into tb_student (id, address, birthday, email, name, nation, nativeplace, phone, sex) values (4, '陕西省西安市莲湖区', '1990-01-03 00:00:00', 'zhao@qq.com', '鹿存亮', '汉', '陕西', '15612347795', 1);
insert into tb_student (id, address, birthday, email, name, nation, nativeplace, phone, sex) values (5, '河南洛阳人民大道58号', '1991-02-05 00:00:00', 'yaosen@qq.com', '姚森', '汉', '河南', '14785559936', 1);
insert into tb_student (id, address, birthday, email, name, nation, nativeplace, phone, sex) values (6, '陕西西安新城区', '1993-01-05 00:00:00', 'yunxing@qq.com', '云星', '汉', '陕西西安', '15644442252', 0);
insert into tb_student (id, address, birthday, email, name, nation, nativeplace, phone, sex) values (7, '广东省广州市天河区冼村路', '1993-11-11 00:00:00', 'jiaxuming@qq.com', '贾旭明', '汉', '广东广州', '15644441234', 1);
insert into tb_student (id, address, birthday, email, name, nation, nativeplace, phone, sex) values (8, '广东珠海', '1991-02-01 00:00:00', 'zhangliming@qq.com', '张黎明', '汉', '广东', '18979994478', 1);
insert into tb_student (id, address, birthday, email, name, nation, nativeplace, phone, sex) values (9, '西安市雁塔区', '1992-07-01 00:00:00', 'xuelei@qq.com', '薛磊', '汉', '陕西西安', '15648887741', 1);
insert into tb_student (id, address, birthday, email, name, nation, nativeplace, phone, sex) values (10, '海口市美兰区', '1990-10-09 00:00:00', 'zhangjie@qq.com', '张洁', '汉', '海南', '13695557742', 0);
insert into tb_student (id, address, birthday, email, name, nation, nativeplace, phone, sex) values (11, '深圳市南山区', '1990-01-01 00:00:00', 'laowang@qq.com', '江南一点雨2', '汉', '陕西', '18565558897', 1);
insert into tb_student (id, address, birthday, email, name, nation, nativeplace, phone, sex) values (12, '海南省海口市美兰区', '1989-02-01 00:00:00', 'chenjing@qq.com', '陈静2', '汉', '海南', '18795556693', 0);
insert into tb_student (id, address, birthday, email, name, nation, nativeplace, phone, sex) values (13, '陕西省西安市莲湖区', '1993-03-04 00:00:00', 'zhao@qq.com', '赵琳浩2', '汉', '陕西', '15698887795', 1);
insert into tb_student (id, address, birthday, email, name, nation, nativeplace, phone, sex) values (14, '陕西省西安市莲湖区', '1990-01-03 00:00:00', 'zhao@qq.com', '鹿存亮2', '汉', '陕西', '15612347795', 1);
insert into tb_student (id, address, birthday, email, name, nation, nativeplace, phone, sex) values (15, '河南洛阳人民大道58号', '1991-02-05 00:00:00', 'yaosen@qq.com', '姚森2', '汉', '河南', '14785559936', 1);
insert into tb_student (id, address, birthday, email, name, nation, nativeplace, phone, sex) values (16, '陕西西安新城区', '1993-01-05 00:00:00', 'yunxing@qq.com', '云星2', '汉', '陕西西安', '15644442252', 0);
insert into tb_student (id, address, birthday, email, name, nation, nativeplace, phone, sex) values (17, '广东省广州市天河区冼村路', '1993-11-11 00:00:00', 'jiaxuming@qq.com', '贾旭明2', '汉', '广东广州', '15644441234', 1);
insert into tb_student (id, address, birthday, email, name, nation, nativeplace, phone, sex) values (18, '广东珠海', '1991-02-01 00:00:00', 'zhangliming@qq.com', '王一亭', '汉', '广东', '18979994478', 1);
insert into tb_student (id, address, birthday, email, name, nation, nativeplace, phone, sex) values (19, '西安市雁塔区', '1992-07-01 00:00:00', 'xuelei@qq.com', '薛磊2', '汉', '陕西西安', '15648887741', 1);
insert into tb_student (id, address, birthday, email, name, nation, nativeplace, phone, sex) values (20, '海口市美兰区', '1990-10-09 00:00:00', 'zhangjie@qq.com', '张洁2', '汉', '海南', '13695557742', 0);
insert into tb_student (id, address, birthday, email, name, nation, nativeplace, phone, sex) values (21, '深圳市南山区', '1990-01-01 00:00:00', 'laowang@qq.com', '江南一点雨3', '汉', '陕西', '18565558897', 1);
insert into tb_student (id, address, birthday, email, name, nation, nativeplace, phone, sex) values (22, '海南省海口市美兰区', '1989-02-01 00:00:00', 'chenjing@qq.com', '陈静3', '汉', '海南', '18795556693', 0);
insert into tb_student (id, address, birthday, email, name, nation, nativeplace, phone, sex) values (23, '陕西省西安市莲湖区', '1990-01-03 00:00:00', 'zhao@qq.com', '鹿存亮3', '汉', '陕西', '15612347795', 1);
insert into tb_student (id, address, birthday, email, name, nation, nativeplace, phone, sex) values (24, '河南洛阳人民大道58号', '1991-02-05 00:00:00', 'yaosen@qq.com', '姚森3', '汉', '河南', '14785559936', 1);
insert into tb_student (id, address, birthday, email, name, nation, nativeplace, phone, sex) values (25, '陕西西安新城区', '1993-01-05 00:00:00', 'yunxing@qq.com', '云星3', '汉', '陕西西安', '15644442252', 0);
insert into tb_student (id, address, birthday, email, name, nation, nativeplace, phone, sex) values (26, '广东省广州市天河区冼村路', '1993-11-11 00:00:00', 'jiaxuming@qq.com', '贾旭明3', '汉', '广东广州', '15644441234', 1);
insert into tb_student (id, address, birthday, email, name, nation, nativeplace, phone, sex) values (27, '广东珠海', '1991-02-01 00:00:00', 'zhangliming@qq.com', '张黎明3', '汉', '广东', '18979994478', 1);
insert into tb_student (id, address, birthday, email, name, nation, nativeplace, phone, sex) values (28, '西安市雁塔区', '1992-07-01 00:00:00', 'xuelei@qq.com', '薛磊3', '汉', '陕西西安', '15648887741', 1);
insert into tb_student (id, address, birthday, email, name, nation, nativeplace, phone, sex) values (29, '深圳市南山区', '1990-01-01 00:00:00', 'laowang@qq.com', '江南一点雨4', '汉', '陕西', '18565558897', 1);
insert into tb_student (id, address, birthday, email, name, nation, nativeplace, phone, sex) values (30, '海南省海口市美兰区', '1989-02-01 00:00:00', 'chenjing@qq.com', '陈静4', '汉', '海南', '18795556693', 0);
insert into tb_student (id, address, birthday, email, name, nation, nativeplace, phone, sex) values (31, '陕西省西安市莲湖区', '1993-03-04 00:00:00', 'zhao@qq.com', '赵琳浩4', '汉', '陕西', '15698887795', 1);
insert into tb_student (id, address, birthday, email, name, nation, nativeplace, phone, sex) values (32, '陕西省西安市莲湖区', '1990-01-03 00:00:00', 'zhao@qq.com', '鹿存亮4', '汉', '陕西', '15612347795', 1);
insert into tb_student (id, address, birthday, email, name, nation, nativeplace, phone, sex) values (33, '河南洛阳人民大道58号', '1991-02-05 00:00:00', 'yaosen@qq.com', '姚森4', '汉', '河南', '14785559936', 1);
insert into tb_student (id, address, birthday, email, name, nation, nativeplace, phone, sex) values (34, '陕西西安新城区', '1993-01-05 00:00:00', 'yunxing@qq.com', '云星4', '汉', '陕西西安', '15644442252', 0);
insert into tb_student (id, address, birthday, email, name, nation, nativeplace, phone, sex) values (35, '广东省广州市天河区冼村路', '1993-11-11 00:00:00', 'jiaxuming@qq.com', '贾旭明4', '汉', '广东广州', '15644441234', 1);
insert into tb_student (id, address, birthday, email, name, nation, nativeplace, phone, sex) values (36, '广东珠海', '1991-02-01 00:00:00', 'zhangliming@qq.com', '张黎明2', '汉', '广东', '18979994478', 1);
insert into tb_student (id, address, birthday, email, name, nation, nativeplace, phone, sex) values (37, '西安市雁塔区', '1992-07-01 00:00:00', 'xuelei@qq.com', '薛磊4', '汉', '陕西西安', '15648887741', 1);
insert into tb_student (id, address, birthday, email, name, nation, nativeplace, phone, sex) values (38, '海口市美兰区', '1990-10-09 00:00:00', 'zhangjie@qq.com', '张洁4', '汉', '海南', '13695557742', 0);
insert into tb_student (id, address, birthday, email, name, nation, nativeplace, phone, sex) values (39, '深圳市南山区', '1990-01-01 00:00:00', 'laowang@qq.com', '江南一点雨5', '汉', '陕西', '18565558897', 1);
insert into tb_student (id, address, birthday, email, name, nation, nativeplace, phone, sex) values (40, '海南省海口市美兰区', '1989-02-01 00:00:00', 'chenjing@qq.com', '陈静5', '汉', '海南', '18795556693', 0);
insert into tb_student (id, address, birthday, email, name, nation, nativeplace, phone, sex) values (41, '陕西省西安市莲湖区', '1993-03-04 00:00:00', 'zhao@qq.com', '赵琳浩5', '汉', '陕西', '15698887795', 1);
insert into tb_student (id, address, birthday, email, name, nation, nativeplace, phone, sex) values (42, '陕西省西安市莲湖区', '1990-01-03 00:00:00', 'zhao@qq.com', '鹿存亮5', '汉', '陕西', '15612347795', 1);
insert into tb_student (id, address, birthday, email, name, nation, nativeplace, phone, sex) values (43, '河南洛阳人民大道58号', '1991-02-05 00:00:00', 'yaosen@qq.com', '姚森5', '汉', '河南', '14785559936', 1);
insert into tb_student (id, address, birthday, email, name, nation, nativeplace, phone, sex) values (44, '陕西西安新城区', '1993-01-05 00:00:00', 'yunxing@qq.com', '云星5', '汉', '陕西西安', '15644442252', 0);
insert into tb_student (id, address, birthday, email, name, nation, nativeplace, phone, sex) values (45, '广东省广州市天河区冼村路', '1993-11-11 00:00:00', 'jiaxuming@qq.com', '贾旭明5', '汉', '广东广州', '15644441234', 1);
insert into tb_student (id, address, birthday, email, name, nation, nativeplace, phone, sex) values (46, '广东珠海', '1991-02-01 00:00:00', 'zhangliming@qq.com', '张黎明5', '汉', '广东', '18979994478', 1);
insert into tb_student (id, address, birthday, email, name, nation, nativeplace, phone, sex) values (47, '西安市雁塔区', '1992-07-01 00:00:00', 'xuelei@qq.com', '薛磊5', '汉', '陕西西安', '15648887741', 1);
insert into tb_student (id, address, birthday, email, name, nation, nativeplace, phone, sex) values (48, '海口市美兰区', '1990-10-09 00:00:00', 'zhangjie@qq.com', '张洁5', '汉', '海南', '13695557742', 0);
insert into tb_student (id, address, birthday, email, name, nation, nativeplace, phone, sex) values (49, '深圳市南山区', '1990-01-01 00:00:00', 'laowang@qq.com', '江南一点雨6', '汉', '陕西', '18565558897', 1);
insert into tb_student (id, address, birthday, email, name, nation, nativeplace, phone, sex) values (50, '海南省海口市美兰区', '1989-02-01 00:00:00', 'chenjing@qq.com', '陈静6', '汉', '海南', '18795556693', 0);
insert into tb_student (id, address, birthday, email, name, nation, nativeplace, phone, sex) values (51, '陕西省西安市莲湖区', '1993-03-04 00:00:00', 'zhao@qq.com', '赵琳浩6', '汉', '陕西', '15698887795', 1);
insert into tb_student (id, address, birthday, email, name, nation, nativeplace, phone, sex) values (52, '陕西省西安市莲湖区', '1990-01-03 00:00:00', 'zhao@qq.com', '鹿存亮6', '汉', '陕西', '15612347795', 1);
insert into tb_student (id, address, birthday, email, name, nation, nativeplace, phone, sex) values (53, '河南洛阳人民大道58号', '1991-02-05 00:00:00', 'yaosen@qq.com', '姚森6', '汉', '河南', '14785559936', 1);
insert into tb_student (id, address, birthday, email, name, nation, nativeplace, phone, sex) values (54, '陕西西安新城区', '1993-01-05 00:00:00', 'yunxing@qq.com', '云星6', '汉', '陕西西安', '15644442252', 0);
insert into tb_student (id, address, birthday, email, name, nation, nativeplace, phone, sex) values (55, '深圳市南山区', '1990-01-01 00:00:00', 'laowang@qq.com', '江南一点雨', '汉', '陕西', '18565558897', 1);
insert into tb_student (id, address, birthday, email, name, nation, nativeplace, phone, sex) values (56, '海南省海口市美兰区', '1989-02-01 00:00:00', 'chenjing@qq.com', '陈静', '汉', '海南', '18795556693', 0);
insert into tb_student (id, address, birthday, email, name, nation, nativeplace, phone, sex) values (57, '陕西省西安市莲湖区', '1993-03-04 00:00:00', 'zhao@qq.com', '赵琳浩', '汉', '陕西', '15698887795', 1);
insert into tb_student (id, address, birthday, email, name, nation, nativeplace, phone, sex) values (58, '陕西省西安市莲湖区', '1990-01-03 00:00:00', 'zhao@qq.com', '鹿存亮', '汉', '陕西', '15612347795', 1);
insert into tb_student (id, address, birthday, email, name, nation, nativeplace, phone, sex) values (59, '河南洛阳人民大道58号', '1991-02-05 00:00:00', 'yaosen@qq.com', '姚森', '汉', '河南', '14785559936', 1);
insert into tb_student (id, address, birthday, email, name, nation, nativeplace, phone, sex) values (60, '广东省广州市天河区冼村路', '1993-11-11 00:00:00', 'jiaxuming@qq.com', '贾旭明', '汉', '广东广州', '15644441234', 1);
insert into tb_student (id, address, birthday, email, name, nation, nativeplace, phone, sex) values (61, '广东珠海', '1991-02-01 00:00:00', 'zhangliming@qq.com', '张黎明', '汉', '广东', '18979994478', 1);
insert into tb_student (id, address, birthday, email, name, nation, nativeplace, phone, sex) values (62, '西安市雁塔区', '1992-07-01 00:00:00', 'xuelei@qq.com', '薛磊', '汉', '陕西西安', '15648887741', 1);
insert into tb_student (id, address, birthday, email, name, nation, nativeplace, phone, sex) values (63, '海口市美兰区', '1990-10-09 00:00:00', 'zhangjie@qq.com', '张洁', '汉', '海南', '13695557742', 0);


insert into tb_course (id, enabled, name) values (1, '1', '语文1');
insert into tb_course (id, enabled, name) values (2, '1', '数学1');
insert into tb_course (id, enabled, name) values (3, '1', '体育1');
insert into tb_course (id, enabled, name) values (4, '1', '美术1');
insert into tb_course (id, enabled, name) values (5, '1', '语文2');
insert into tb_course (id, enabled, name) values (6, '1', '数学2');
insert into tb_course (id, enabled, name) values (7, '1', '体育2');
insert into tb_course (id, enabled, name) values (8, '1', '美术2');

insert into tb_dormitory (id, building, doorplate) values (1, '南风1宅', '1506');
insert into tb_dormitory (id, building, doorplate) values (2, '南风2宅', '1504');
insert into tb_dormitory (id, building, doorplate) values (3, '南风3宅', '1507');
insert into tb_dormitory (id, building, doorplate) values (4, '南风14', '1102');
insert into tb_dormitory (id, building, doorplate) values (5, '南风2宅', '1504');
insert into tb_dormitory (id, building, doorplate) values (6, '复旦1宅', '1301');
insert into tb_dormitory (id, building, doorplate) values (7, '复旦2宅', '1302');
insert into tb_dormitory (id, building, doorplate) values (8, '光华1宅', '1544');

insert into tb_student_dormitory (sid, did) values (1,  2);
insert into tb_student_dormitory (sid, did) values (2,  3);
insert into tb_student_dormitory (sid, did) values (3,  4);
insert into tb_student_dormitory (sid, did) values (4,  5);
insert into tb_student_dormitory (sid, did) values (5,  6);
insert into tb_student_dormitory (sid, did) values (6,  7);
insert into tb_student_dormitory (sid, did) values (7,  8);
insert into tb_student_dormitory (sid, did) values (8,  1);
insert into tb_student_dormitory (sid, did) values (9,  2);
insert into tb_student_dormitory (sid, did) values (10, 3);
insert into tb_student_dormitory (sid, did) values (11, 4);
insert into tb_student_dormitory (sid, did) values (12, 5);
insert into tb_student_dormitory (sid, did) values (13, 6);
insert into tb_student_dormitory (sid, did) values (14, 7);
insert into tb_student_dormitory (sid, did) values (15, 8);
insert into tb_student_dormitory (sid, did) values (16, 1);
insert into tb_student_dormitory (sid, did) values (17, 2);
insert into tb_student_dormitory (sid, did) values (18, 3);
insert into tb_student_dormitory (sid, did) values (19, 4);
insert into tb_student_dormitory (sid, did) values (20, 5);
insert into tb_student_dormitory (sid, did) values (21, 6);
insert into tb_student_dormitory (sid, did) values (22, 7);
insert into tb_student_dormitory (sid, did) values (23, 8);
insert into tb_student_dormitory (sid, did) values (24, 1);
insert into tb_student_dormitory (sid, did) values (25, 2);
insert into tb_student_dormitory (sid, did) values (26, 3);
insert into tb_student_dormitory (sid, did) values (27, 4);
insert into tb_student_dormitory (sid, did) values (28, 5);
insert into tb_student_dormitory (sid, did) values (29, 6);
insert into tb_student_dormitory (sid, did) values (30, 7);
insert into tb_student_dormitory (sid, did) values (31, 8);
insert into tb_student_dormitory (sid, did) values (32, 1);
insert into tb_student_dormitory (sid, did) values (33, 2);
insert into tb_student_dormitory (sid, did) values (34, 3);
insert into tb_student_dormitory (sid, did) values (35, 4);
insert into tb_student_dormitory (sid, did) values (36, 5);
insert into tb_student_dormitory (sid, did) values (37, 6);
insert into tb_student_dormitory (sid, did) values (38, 7);
insert into tb_student_dormitory (sid, did) values (39, 8);
insert into tb_student_dormitory (sid, did) values (40, 1);
insert into tb_student_dormitory (sid, did) values (41, 2);
insert into tb_student_dormitory (sid, did) values (42, 3);
insert into tb_student_dormitory (sid, did) values (43, 4);
insert into tb_student_dormitory (sid, did) values (44, 5);
insert into tb_student_dormitory (sid, did) values (45, 6);
insert into tb_student_dormitory (sid, did) values (46, 7);
insert into tb_student_dormitory (sid, did) values (47, 8);
insert into tb_student_dormitory (sid, did) values (48, 1);
insert into tb_student_dormitory (sid, did) values (49, 2);
insert into tb_student_dormitory (sid, did) values (50, 3);
insert into tb_student_dormitory (sid, did) values (51, 4);
insert into tb_student_dormitory (sid, did) values ( 52 , 5);
insert into tb_student_dormitory (sid, did) values ( 53 , 6);
insert into tb_student_dormitory (sid, did) values ( 54 , 7);
insert into tb_student_dormitory (sid, did) values ( 55 , 8);
insert into tb_student_dormitory (sid, did) values ( 56 , 1);
insert into tb_student_dormitory (sid, did) values ( 57 , 2);
insert into tb_student_dormitory (sid, did) values ( 58,  3);
insert into tb_student_dormitory (sid, did) values ( 59 , 4);
insert into tb_student_dormitory (sid, did) values ( 60 , 5);
insert into tb_student_dormitory (sid, did) values ( 61 , 6);
insert into tb_student_dormitory (sid, did) values ( 62 , 7);


insert into tb_teacher (id, address, birthday, email, name, nation, nativeplace, phone, sex) values (1, '河南洛阳人民大道58号', '1997-05-18 00:00:00', 'xj143068@163.com', '许老师', '汉', '浙江嘉兴', '110', 1);
insert into tb_teacher (id, address, birthday, email, name, nation, nativeplace, phone, sex) values (2, '陕西宝鸡凤翔', '1996-09-17 00:00:00', 'xj143068@163.com', '王老师', '汉', '陕西宝鸡', '1843566', 0);
insert into tb_teacher (id, address, birthday, email, name, nation, nativeplace, phone, sex) values (3, '陕西太原', '1997-05-18 00:00:00', 'xj143068@163.com', '李老师', '汉', '山西太原', '8875', 1);
insert into tb_teacher (id, address, birthday, email, name, nation, nativeplace, phone, sex) values (4, '陕西宝鸡凤翔', '1996-09-17 00:00:00', 'xj143068@163.com', '张老师', '汉', '陕西宝鸡', '1843566', 0);
insert into tb_teacher (id, address, birthday, email, name, nation, nativeplace, phone, sex) values (4, '陕西宝鸡凤翔', '1996-09-17 00:00:00', 'xj143068@163.com', '张老师', '汉', '陕西宝鸡', '1843566', 0);


insert into tb_teacher_course (tid, cid) values (1, 1);
insert into tb_teacher_course (tid, cid) values (1, 2);
insert into tb_teacher_course (tid, cid) values (2, 3);
insert into tb_teacher_course (tid, cid) values (2, 4);


insert into tb_discipline (id, semester1, semester2, semester3, semester4, semester5, semester6) values (1, 1, 0, 4, 0, 0, 0);
insert into tb_discipline (id, semester1, semester2, semester3, semester4, semester5, semester6) values (2, 0, 0, 0, 0, 0, 0);
insert into tb_discipline (id, semester1, semester2, semester3, semester4, semester5, semester6) values (3, 0, 2, 0, 0, 0, 0);
insert into tb_discipline (id, semester1, semester2, semester3, semester4, semester5, semester6) values (4, 0, 0, 0, 6, 0, 0);
insert into tb_discipline (id, semester1, semester2, semester3, semester4, semester5, semester6) values (5, 0, 0, 0, 0, 0, 0);
insert into tb_discipline (id, semester1, semester2, semester3, semester4, semester5, semester6) values (6, 0, 0, 0, 0, 0, 0);
insert into tb_discipline (id, semester1, semester2, semester3, semester4, semester5, semester6) values (7, 0, 0, 0, 0, 0, 0);
insert into tb_discipline (id, semester1, semester2, semester3, semester4, semester5, semester6) values (8, 0, 0, 0, 0, 0, 0);
insert into tb_discipline (id, semester1, semester2, semester3, semester4, semester5, semester6) values (9, 0, 0, 0, 0, 0, 0);
insert into tb_discipline (id, semester1, semester2, semester3, semester4, semester5, semester6) values (10, 0, 0, 0, 0, 0, 0);
insert into tb_discipline (id, semester1, semester2, semester3, semester4, semester5, semester6) values (11, 0, 0, 0, 0, 0, 0);
insert into tb_discipline (id, semester1, semester2, semester3, semester4, semester5, semester6) values (12, 0, 0, 0, 0, 0, 0);
insert into tb_discipline (id, semester1, semester2, semester3, semester4, semester5, semester6) values (13, 0, 0, 0, 0, 0, 0);
insert into tb_discipline (id, semester1, semester2, semester3, semester4, semester5, semester6) values (14, 0, 0, 0, 0, 0, 0);
insert into tb_discipline (id, semester1, semester2, semester3, semester4, semester5, semester6) values (15, 0, 0, 0, 0, 0, 0);
insert into tb_discipline (id, semester1, semester2, semester3, semester4, semester5, semester6) values (16, 0, 0, 0, 0, 0, 0);
insert into tb_discipline (id, semester1, semester2, semester3, semester4, semester5, semester6) values (17, 0, 0, 0, 0, 0, 0);
insert into tb_discipline (id, semester1, semester2, semester3, semester4, semester5, semester6) values (18, 0, 0, 0, 0, 0, 0);
insert into tb_discipline (id, semester1, semester2, semester3, semester4, semester5, semester6) values (19, 0, 0, 0, 0, 0, 0);
insert into tb_discipline (id, semester1, semester2, semester3, semester4, semester5, semester6) values (20, 0, 0, 0, 0, 0, 0);
insert into tb_discipline (id, semester1, semester2, semester3, semester4, semester5, semester6) values (21, 0, 0, 0, 0, 0, 0);
insert into tb_discipline (id, semester1, semester2, semester3, semester4, semester5, semester6) values (22, 0, 0, 0, 0, 0, 0);
insert into tb_discipline (id, semester1, semester2, semester3, semester4, semester5, semester6) values (23, 0, 0, 0, 0, 0, 0);
insert into tb_discipline (id, semester1, semester2, semester3, semester4, semester5, semester6) values (24, 0, 0, 0, 0, 0, 0);
insert into tb_discipline (id, semester1, semester2, semester3, semester4, semester5, semester6) values (25, 0, 0, 0, 0, 0, 0);
insert into tb_discipline (id, semester1, semester2, semester3, semester4, semester5, semester6) values (26, 0, 0, 0, 0, 0, 0);
insert into tb_discipline (id, semester1, semester2, semester3, semester4, semester5, semester6) values (27, 0, 0, 0, 0, 0, 0);
insert into tb_discipline (id, semester1, semester2, semester3, semester4, semester5, semester6) values (28, 0, 0, 0, 0, 0, 0);
insert into tb_discipline (id, semester1, semester2, semester3, semester4, semester5, semester6) values (29, 0, 0, 0, 0, 0, 0);
insert into tb_discipline (id, semester1, semester2, semester3, semester4, semester5, semester6) values (30, 0, 0, 0, 0, 0, 0);
insert into tb_discipline (id, semester1, semester2, semester3, semester4, semester5, semester6) values (31, 0, 0, 0, 0, 0, 0);
insert into tb_discipline (id, semester1, semester2, semester3, semester4, semester5, semester6) values (32, 0, 0, 0, 0, 0, 0);
insert into tb_discipline (id, semester1, semester2, semester3, semester4, semester5, semester6) values (33, 0, 0, 0, 0, 0, 0);
insert into tb_discipline (id, semester1, semester2, semester3, semester4, semester5, semester6) values (34, 0, 0, 0, 0, 0, 0);
insert into tb_discipline (id, semester1, semester2, semester3, semester4, semester5, semester6) values (35, 0, 0, 0, 0, 0, 0);
insert into tb_discipline (id, semester1, semester2, semester3, semester4, semester5, semester6) values (36, 0, 0, 0, 0, 0, 0);
insert into tb_discipline (id, semester1, semester2, semester3, semester4, semester5, semester6) values (37, 0, 0, 0, 0, 0, 0);
insert into tb_discipline (id, semester1, semester2, semester3, semester4, semester5, semester6) values (38, 0, 0, 0, 0, 0, 0);
insert into tb_discipline (id, semester1, semester2, semester3, semester4, semester5, semester6) values (39, 0, 0, 0, 0, 0, 0);
insert into tb_discipline (id, semester1, semester2, semester3, semester4, semester5, semester6) values (40, 0, 0, 0, 0, 0, 0);
insert into tb_discipline (id, semester1, semester2, semester3, semester4, semester5, semester6) values (41, 0, 0, 0, 0, 0, 0);
insert into tb_discipline (id, semester1, semester2, semester3, semester4, semester5, semester6) values (42, 0, 0, 0, 0, 0, 0);
insert into tb_discipline (id, semester1, semester2, semester3, semester4, semester5, semester6) values (43, 0, 0, 0, 0, 0, 0);
insert into tb_discipline (id, semester1, semester2, semester3, semester4, semester5, semester6) values (44, 0, 0, 0, 0, 0, 0);
insert into tb_discipline (id, semester1, semester2, semester3, semester4, semester5, semester6) values (45, 0, 0, 0, 0, 0, 0);
insert into tb_discipline (id, semester1, semester2, semester3, semester4, semester5, semester6) values (46, 0, 0, 0, 0, 0, 0);
insert into tb_discipline (id, semester1, semester2, semester3, semester4, semester5, semester6) values (47, 0, 0, 0, 0, 0, 0);
insert into tb_discipline (id, semester1, semester2, semester3, semester4, semester5, semester6) values (48, 0, 0, 0, 0, 0, 0);
insert into tb_discipline (id, semester1, semester2, semester3, semester4, semester5, semester6) values (49, 0, 0, 0, 0, 0, 0);
insert into tb_discipline (id, semester1, semester2, semester3, semester4, semester5, semester6) values (50, 0, 0, 0, 0, 0, 0);
insert into tb_discipline (id, semester1, semester2, semester3, semester4, semester5, semester6) values (51, 0, 0, 0, 0, 0, 0);
insert into tb_discipline (id, semester1, semester2, semester3, semester4, semester5, semester6) values (52, 0, 0, 0, 0, 0, 0);
insert into tb_discipline (id, semester1, semester2, semester3, semester4, semester5, semester6) values (53, 0, 0, 0, 0, 0, 0);
insert into tb_discipline (id, semester1, semester2, semester3, semester4, semester5, semester6) values (54, 0, 0, 0, 0, 0, 0);
insert into tb_discipline (id, semester1, semester2, semester3, semester4, semester5, semester6) values (55, 0, 0, 0, 0, 0, 0);
insert into tb_discipline (id, semester1, semester2, semester3, semester4, semester5, semester6) values (56, 0, 0, 0, 0, 0, 0);
insert into tb_discipline (id, semester1, semester2, semester3, semester4, semester5, semester6) values (57, 0, 0, 0, 0, 0, 0);
insert into tb_discipline (id, semester1, semester2, semester3, semester4, semester5, semester6) values (58, 0, 0, 0, 0, 0, 0);
insert into tb_discipline (id, semester1, semester2, semester3, semester4, semester5, semester6) values (59, 0, 0, 0, 0, 0, 0);
insert into tb_discipline (id, semester1, semester2, semester3, semester4, semester5, semester6) values (60, 0, 0, 0, 0, 0, 0);
insert into tb_discipline (id, semester1, semester2, semester3, semester4, semester5, semester6) values (61, 0, 0, 0, 0, 0, 0);
insert into tb_discipline (id, semester1, semester2, semester3, semester4, semester5, semester6) values (62, 0, 0, 0, 0, 0, 0);
insert into tb_discipline (id, semester1, semester2, semester3, semester4, semester5, semester6) values (63, 0, 0, 0, 0, 0, 0);


insert into tb_score (cid, score, sid) values (1, 80, 1);
insert into tb_score (cid, score, sid) values (2, 78, 1);
insert into tb_score (cid, score, sid) values (3, 80, 1);
insert into tb_score (cid, score, sid) values (4, 90, 1);
insert into tb_score (cid, score, sid) values (1, 80, 2);
insert into tb_score (cid, score, sid) values (2, 80, 2);
insert into tb_score (cid, score, sid) values (3, 76, 2);
insert into tb_score (cid, score, sid) values (4, 22, 2);
insert into tb_score (cid, score, sid) values (1, 80, 3);
insert into tb_score (cid, score, sid) values (2, 34, 3);
insert into tb_score (cid, score, sid) values (3, 55, 3);
insert into tb_score (cid, score, sid) values (4, 80, 3);
insert into tb_score (cid, score, sid) values (1, 67, 4);
insert into tb_score (cid, score, sid) values (2, 80, 4);
insert into tb_score (cid, score, sid) values (3, 37, 4);
insert into tb_score (cid, score, sid) values (4, 98, 4);
insert into tb_score (cid, score, sid) values (1, 25, 5);
insert into tb_score (cid, score, sid) values (2, 89, 5);
insert into tb_score (cid, score, sid) values (3, 87, 5);
insert into tb_score (cid, score, sid) values (4, 89, 5);


