insert  into `tb_role`(`id`,`create_time`,`description`,`role_key`,`name`,`status`,`update_time`) values (1,'2017-01-09 17:25:30','超级管理员','administrator','administrator',0,'2017-01-09 17:26:25');
insert  into `tb_user`(`id`,`address`,`birthday`,`create_time`,`delete_status`,`description`,`email`,`locked`,`nick_name`,`password`,`sex`,`telephone`,`update_time`,`user_name`) values (1,'成都','2017-01-09 17:26:39','2017-01-09 17:26:41',0,'超级管理员','whoismy8023@163.com',0,'admin','3931MUEQD1939MQMLM4AISPVNE',1,'15923930000','2017-01-09 17:27:11','admin');
insert  into `tb_user_role`(`user_id`,`role_id`) values (1,1);
insert  into `tb_resource`(`id`,`create_time`,`description`,`icon`,`is_hide`,`level`,`name`,`sort`,`source_key`,`source_url`,`type`,`update_time`,`parent_id`) values (1,'2017-01-10 13:56:51','用户管理',NULL,0,2,'用户管理',1,'system:user:index','/admin/user/index',1,'2017-01-10 13:59:01',NULL),(2,'2017-01-10 13:56:51','用户编辑',NULL,0,3,'用户编辑',1,'system:user:edit','/admin/user/edit*',2,'2017-01-10 16:26:42',1),(3,'2017-01-11 16:48:48','用户添加',NULL,0,3,'用户添加',2,'system:user:add','/admin/user/add',2,'2017-01-11 16:49:26',1),(4,'2017-01-11 16:48:48','用户删除',NULL,0,3,'用户删除',3,'system:user:deleteBatch','/admin/user/deleteBatch',2,'2017-01-18 14:11:41',1),(5,'2017-01-11 16:48:48','角色分配',NULL,0,3,'角色分配',4,'system:user:grant','/admin/user/grant/**',2,'2017-01-18 14:11:51',1),(6,'2017-01-12 16:45:10','角色管理',NULL,0,2,'角色管理',2,'system:role:index','/admin/role/index',1,'2017-01-12 16:46:52',NULL),(7,'2017-01-12 16:47:02','角色编辑',NULL,0,3,'角色编辑',1,'system:role:edit','/admin/role/edit*',2,'2017-01-18 10:24:06',1),(8,'2017-01-12 16:47:23','角色添加',NULL,0,3,'角色添加',2,'system:role:add','/admin/role/add',2,'2017-01-12 16:49:16',6),(9,'2017-01-12 16:47:23','角色删除',NULL,0,3,'角色删除',3,'system:role:deleteBatch','/admin/role/deleteBatch',2,'2017-01-18 14:12:03',6),(10,'2017-01-12 16:47:23','资源分配',NULL,0,3,'资源分配',4,'system:role:grant','/admin/role/grant/**',2,'2017-01-18 14:12:11',6),(11,'2017-01-17 11:21:12','资源管理',NULL,0,2,'资源管理',3,'system:resource:index','/admin/resource/index',1,'2017-01-17 11:21:42',NULL),(12,'2017-01-17 11:21:52','资源编辑',NULL,0,3,'资源编辑',1,'system:resource:edit','/admin/resource/edit*',2,'2017-01-17 11:22:36',11),(13,'2017-01-17 11:21:54','资源添加',NULL,0,3,'资源添加',2,'system:resource:add','/admin/resource/add',2,'2017-01-17 11:22:39',11),(14,'2017-01-17 11:21:54','资源删除',NULL,0,3,'资源删除',3,'system:resource:deleteBatch','/admin/resource/deleteBatch',2,'2017-01-18 14:12:31',11);
insert  into `tb_role_resource`(`role_id`,`resource_id`) values (1,1),(1,2),(1,3),(1,4),(1,5),(1,6),(1,7),(1,8),(1,9),(1,10),(1,11),(1,12),(1,13),(1,14);

insert  into tb_employee (id, name, sex, birthday, idCard, wedlock, nationId, nativePlace, politicId, email, phone, address, departmentId, jobLevelId, posId, engageForm, tiptopDegree, specialty, school, beginDate, workState, workID, contractTerm, conversionTime, notWorkDate, beginContract, endContract, workAge) values (1, '江南一点雨', 1, '1990-01-01', '610122199001011256', '已婚', 1, '陕西', 13, 'laowang@qq.com', '18565558897', '深圳市南山区', 5, 9, 29, '劳务合同', '本科', '信息管理与信息系统', '深圳大学', '2018-01-01', '在职', '00000001', 2.0, '2018-04-01', null, '2018-01-01', '2020-01-01', null);
insert  into tb_employee (id, name, sex, birthday, idCard, wedlock, nationId, nativePlace, politicId, email, phone, address, departmentId, jobLevelId, posId, engageForm, tiptopDegree, specialty, school, beginDate, workState, workID, contractTerm, conversionTime, notWorkDate, beginContract, endContract, workAge) values (2, '陈静', 0, '1989-02-01', '421288198902011234', '已婚', 1, '海南', 1, 'chenjing@qq.com', '18795556693', '海南省海口市美兰区', 8, 12, 30, '劳动合同', '高中', '市场营销', '武汉大学', '2015-06-09', '在职', '00000002', 3.0, '2015-09-10', null, '2015-06-09', '2018-06-08', null);
insert  into tb_employee (id, name, sex, birthday, idCard, wedlock, nationId, nativePlace, politicId, email, phone, address, departmentId, jobLevelId, posId, engageForm, tiptopDegree, specialty, school, beginDate, workState, workID, contractTerm, conversionTime, notWorkDate, beginContract, endContract, workAge) values (3, '赵琳浩', 1, '1993-03-04', '610122199303041456', '未婚', 1, '陕西', 3, 'zhao@qq.com', '15698887795', '陕西省西安市莲湖区', 91, 12, 33, '劳动合同', '博士', '电子工程', '哈尔滨理工大学', '2018-01-01', '在职', '00000003', 3.5, '2018-04-01', null, '2018-01-01', '2021-07-14', null);
insert  into tb_employee (id, name, sex, birthday, idCard, wedlock, nationId, nativePlace, politicId, email, phone, address, departmentId, jobLevelId, posId, engageForm, tiptopDegree, specialty, school, beginDate, workState, workID, contractTerm, conversionTime, notWorkDate, beginContract, endContract, workAge) values (4, '鹿存亮', 1, '1990-01-03', '610122199001031456', '已婚', 1, '陕西', 3, 'zhao@qq.com', '15612347795', '陕西省西安市莲湖区', 92, 12, 34, '劳动合同', '高中', '电子工程', '哈尔滨理工大学', '2018-01-01', '在职', '00000004', 3.5, '2018-04-01', null, '2018-01-01', '2021-07-14', null);
insert  into tb_employee (id, name, sex, birthday, idCard, wedlock, nationId, nativePlace, politicId, email, phone, address, departmentId, jobLevelId, posId, engageForm, tiptopDegree, specialty, school, beginDate, workState, workID, contractTerm, conversionTime, notWorkDate, beginContract, endContract, workAge) values (5, '姚森', 1, '1991-02-05', '610122199102058952', '已婚', 1, '河南', 3, 'yaosen@qq.com', '14785559936', '河南洛阳人民大道58号', 92, 15, 34, '劳动合同', '硕士', '室内装修设计', '西北大学', '2017-01-02', '在职', '00000005', 7.0, '2017-04-02', null, '2017-01-02', '2024-01-17', null);
insert  into tb_employee (id, name, sex, birthday, idCard, wedlock, nationId, nativePlace, politicId, email, phone, address, departmentId, jobLevelId, posId, engageForm, tiptopDegree, specialty, school, beginDate, workState, workID, contractTerm, conversionTime, notWorkDate, beginContract, endContract, workAge) values (6, '云星', 0, '1993-01-05', '610122199301054789', '已婚', 1, '陕西西安', 1, 'yunxing@qq.com', '15644442252', '陕西西安新城区', 92, 16, 34, '劳务合同', '硕士', '通信工程', '西安电子科技学校', '2018-01-01', '在职', '00000006', 5.25, '2018-04-01', null, '2018-01-01', '2023-04-13', null);
insert  into tb_employee (id, name, sex, birthday, idCard, wedlock, nationId, nativePlace, politicId, email, phone, address, departmentId, jobLevelId, posId, engageForm, tiptopDegree, specialty, school, beginDate, workState, workID, contractTerm, conversionTime, notWorkDate, beginContract, endContract, workAge) values (7, '贾旭明', 1, '1993-11-11', '610122199311111234', '已婚', 1, '广东广州', 4, 'jiaxuming@qq.com', '15644441234', '广东省广州市天河区冼村路', 78, 15, 33, '劳务合同', '初中', '通信工程', '西北大学', '2018-01-01', '在职', '00000007', 5.25, '2018-04-01', null, '2018-01-01', '2023-04-13', null);
insert  into tb_employee (id, name, sex, birthday, idCard, wedlock, nationId, nativePlace, politicId, email, phone, address, departmentId, jobLevelId, posId, engageForm, tiptopDegree, specialty, school, beginDate, workState, workID, contractTerm, conversionTime, notWorkDate, beginContract, endContract, workAge) values (8, '张黎明', 1, '1991-02-01', '610144199102014569', '已婚', 1, '广东', 6, 'zhangliming@qq.com', '18979994478', '广东珠海', 91, 15, 33, '劳动合同', '高中', '考古', '清华大学', '2018-01-01', '在职', '00000008', 7.0, '2018-04-01', null, '2018-01-01', '2025-01-30', null);
insert  into tb_employee (id, name, sex, birthday, idCard, wedlock, nationId, nativePlace, politicId, email, phone, address, departmentId, jobLevelId, posId, engageForm, tiptopDegree, specialty, school, beginDate, workState, workID, contractTerm, conversionTime, notWorkDate, beginContract, endContract, workAge) values (9, '薛磊', 1, '1992-07-01', '610144199207017895', '已婚', 1, '陕西西安', 13, 'xuelei@qq.com', '15648887741', '西安市雁塔区', 92, 14, 34, '劳动合同', '初中', '无', '华胥中学', '2018-01-01', '在职', '00000009', 6.0, '2018-04-01', null, '2018-01-01', '2024-01-17', null);
insert  into tb_employee (id, name, sex, birthday, idCard, wedlock, nationId, nativePlace, politicId, email, phone, address, departmentId, jobLevelId, posId, engageForm, tiptopDegree, specialty, school, beginDate, workState, workID, contractTerm, conversionTime, notWorkDate, beginContract, endContract, workAge) values (10, '张洁', 0, '1990-10-09', '420177199010093652', '未婚', 1, '海南', 5, 'zhangjie@qq.com', '13695557742', '海口市美兰区', 92, 16, 34, '劳动合同', '高中', '无', '海南侨中', '2018-01-01', '在职', '00000010', 1.0, '2018-01-31', null, '2018-01-01', '2019-01-01', null);
insert into tb_employee (id, name, sex, birthday, idCard, wedlock, nationId, nativePlace, politicId, email, phone, address, departmentId, jobLevelId, posId, engageForm, tiptopDegree, specialty, school, beginDate, workState, workID, contractTerm, conversionTime, notWorkDate, beginContract, endContract, workAge) values (11, '江南一点雨2', 1, '1990-01-01', '610122199001011256', '已婚', 1, '陕西', 13, 'laowang@qq.com', '18565558897', '深圳市南山区', 91, 9, 29, '劳动合同', '本科', '信息管理与信息系统', '深圳大学', '2018-01-01', '在职', '00000011', 1.0, '2018-04-01', null, '2018-01-01', '2019-01-01', null);
insert into tb_employee (id, name, sex, birthday, idCard, wedlock, nationId, nativePlace, politicId, email, phone, address, departmentId, jobLevelId, posId, engageForm, tiptopDegree, specialty, school, beginDate, workState, workID, contractTerm, conversionTime, notWorkDate, beginContract, endContract, workAge) values (12, '陈静2', 0, '1989-02-01', '421288198902011234', '已婚', 1, '海南', 1, 'chenjing@qq.com', '18795556693', '海南省海口市美兰区', 82, 12, 30, '劳动合同', '高中', '市场营销', '武汉大学', '2015-06-09', '在职', '00000012', 3.0, '2015-09-10', null, '2015-06-09', '2018-06-08', null);
insert into tb_employee (id, name, sex, birthday, idCard, wedlock, nationId, nativePlace, politicId, email, phone, address, departmentId, jobLevelId, posId, engageForm, tiptopDegree, specialty, school, beginDate, workState, workID, contractTerm, conversionTime, notWorkDate, beginContract, endContract, workAge) values (13, '赵琳浩2', 1, '1993-03-04', '610122199303041456', '未婚', 1, '陕西', 3, 'zhao@qq.com', '15698887795', '陕西省西安市莲湖区', 91, 12, 33, '劳动合同', '博士', '电子工程', '哈尔滨理工大学', '2018-01-01', '在职', '00000013', 3.5, '2018-04-01', null, '2018-01-01', '2021-07-14', null);
insert into tb_employee (id, name, sex, birthday, idCard, wedlock, nationId, nativePlace, politicId, email, phone, address, departmentId, jobLevelId, posId, engageForm, tiptopDegree, specialty, school, beginDate, workState, workID, contractTerm, conversionTime, notWorkDate, beginContract, endContract, workAge) values (14, '鹿存亮2', 1, '1990-01-03', '610122199001031456', '已婚', 1, '陕西', 3, 'zhao@qq.com', '15612347795', '陕西省西安市莲湖区', 92, 12, 34, '劳动合同', '高中', '电子工程', '哈尔滨理工大学', '2018-01-01', '在职', '00000014', 3.5, '2018-04-01', null, '2018-01-01', '2021-07-14', null);
insert into tb_employee (id, name, sex, birthday, idCard, wedlock, nationId, nativePlace, politicId, email, phone, address, departmentId, jobLevelId, posId, engageForm, tiptopDegree, specialty, school, beginDate, workState, workID, contractTerm, conversionTime, notWorkDate, beginContract, endContract, workAge) values (15, '姚森2', 1, '1991-02-05', '610122199102058952', '已婚', 1, '河南', 3, 'yaosen@qq.com', '14785559936', '河南洛阳人民大道58号', 92, 15, 34, '劳动合同', '初中', '室内装修设计', '西北大学', '2017-01-02', '在职', '00000015', 7.0, '2017-04-02', null, '2017-01-02', '2024-01-17', null);
insert into tb_employee (id, name, sex, birthday, idCard, wedlock, nationId, nativePlace, politicId, email, phone, address, departmentId, jobLevelId, posId, engageForm, tiptopDegree, specialty, school, beginDate, workState, workID, contractTerm, conversionTime, notWorkDate, beginContract, endContract, workAge) values (16, '云星2', 0, '1993-01-05', '610122199301054789', '已婚', 1, '陕西西安', 1, 'yunxing@qq.com', '15644442252', '陕西西安新城区', 92, 16, 34, '劳务合同', '硕士', '通信工程', '西安电子科技学校', '2018-01-01', '在职', '00000016', 5.25, '2018-04-01', null, '2018-01-01', '2023-04-13', null);
insert into tb_employee (id, name, sex, birthday, idCard, wedlock, nationId, nativePlace, politicId, email, phone, address, departmentId, jobLevelId, posId, engageForm, tiptopDegree, specialty, school, beginDate, workState, workID, contractTerm, conversionTime, notWorkDate, beginContract, endContract, workAge) values (17, '贾旭明2', 1, '1993-11-11', '610122199311111234', '已婚', 1, '广东广州', 4, 'jiaxuming@qq.com', '15644441234', '广东省广州市天河区冼村路', 78, 15, 33, '劳务合同', '初中', '通信工程', '西北大学', '2018-01-01', '在职', '00000017', 5.25, '2018-04-01', null, '2018-01-01', '2023-04-13', null);
insert into tb_employee (id, name, sex, birthday, idCard, wedlock, nationId, nativePlace, politicId, email, phone, address, departmentId, jobLevelId, posId, engageForm, tiptopDegree, specialty, school, beginDate, workState, workID, contractTerm, conversionTime, notWorkDate, beginContract, endContract, workAge) values (18, '王一亭', 1, '1991-02-01', '610144199102014569', '已婚', 1, '广东', 6, 'zhangliming@qq.com', '18979994478', '广东珠海', 91, 15, 33, '劳动合同', '高中', '考古', '清华大学', '2018-01-01', '在职', '00000018', 7.0, '2018-04-01', null, '2018-01-01', '2025-01-30', null);
insert into tb_employee (id, name, sex, birthday, idCard, wedlock, nationId, nativePlace, politicId, email, phone, address, departmentId, jobLevelId, posId, engageForm, tiptopDegree, specialty, school, beginDate, workState, workID, contractTerm, conversionTime, notWorkDate, beginContract, endContract, workAge) values (19, '薛磊2', 1, '1992-07-01', '610144199207017895', '已婚', 1, '陕西西安', 13, 'xuelei@qq.com', '15648887741', '西安市雁塔区', 92, 14, 34, '劳动合同', '初中', '无', '华胥中学', '2018-01-01', '在职', '00000019', 1.0, '2018-04-01', null, '2018-01-01', '2019-01-01', null);
insert into tb_employee (id, name, sex, birthday, idCard, wedlock, nationId, nativePlace, politicId, email, phone, address, departmentId, jobLevelId, posId, engageForm, tiptopDegree, specialty, school, beginDate, workState, workID, contractTerm, conversionTime, notWorkDate, beginContract, endContract, workAge) values (20, '张洁2', 0, '1990-10-09', '420177199010093652', '未婚', 1, '海南', 5, 'zhangjie@qq.com', '13695557742', '海口市美兰区', 92, 16, 34, '劳动合同', '高中', '无', '海南侨中', '2018-01-01', '在职', '00000020', 1.0, '2018-01-31', null, '2018-01-01', '2019-01-01', null);
insert into tb_employee (id, name, sex, birthday, idCard, wedlock, nationId, nativePlace, politicId, email, phone, address, departmentId, jobLevelId, posId, engageForm, tiptopDegree, specialty, school, beginDate, workState, workID, contractTerm, conversionTime, notWorkDate, beginContract, endContract, workAge) values (21, '江南一点雨3', 1, '1990-01-01', '610122199001011256', '已婚', 1, '陕西', 13, 'laowang@qq.com', '18565558897', '深圳市南山区', 8, 9, 29, '劳动合同', '本科', '信息管理与信息系统', '深圳大学', '2018-01-01', '在职', '00000021', 1.0, '2018-04-01', null, '2018-01-01', '2019-01-01', null);
insert into tb_employee (id, name, sex, birthday, idCard, wedlock, nationId, nativePlace, politicId, email, phone, address, departmentId, jobLevelId, posId, engageForm, tiptopDegree, specialty, school, beginDate, workState, workID, contractTerm, conversionTime, notWorkDate, beginContract, endContract, workAge) values (22, '陈静3', 0, '1989-02-01', '421288198902011234', '已婚', 1, '海南', 1, 'chenjing@qq.com', '18795556693', '海南省海口市美兰区', 82, 12, 30, '劳动合同', '高中', '市场营销', '武汉大学', '2015-06-09', '在职', '00000022', 3.0, '2015-09-10', null, '2015-06-09', '2018-06-08', null);
insert into tb_employee (id, name, sex, birthday, idCard, wedlock, nationId, nativePlace, politicId, email, phone, address, departmentId, jobLevelId, posId, engageForm, tiptopDegree, specialty, school, beginDate, workState, workID, contractTerm, conversionTime, notWorkDate, beginContract, endContract, workAge) values (24, '鹿存亮3', 1, '1990-01-03', '610122199001031456', '已婚', 1, '陕西', 3, 'zhao@qq.com', '15612347795', '陕西省西安市莲湖区', 92, 12, 34, '劳动合同', '高中', '电子工程', '哈尔滨理工大学', '2018-01-01', '在职', '00000024', 3.5, '2018-04-01', null, '2018-01-01', '2021-07-14', null);
insert into tb_employee (id, name, sex, birthday, idCard, wedlock, nationId, nativePlace, politicId, email, phone, address, departmentId, jobLevelId, posId, engageForm, tiptopDegree, specialty, school, beginDate, workState, workID, contractTerm, conversionTime, notWorkDate, beginContract, endContract, workAge) values (25, '姚森3', 1, '1991-02-05', '610122199102058952', '已婚', 1, '河南', 3, 'yaosen@qq.com', '14785559936', '河南洛阳人民大道58号', 92, 15, 34, '劳动合同', '初中', '室内装修设计', '西北大学', '2017-01-02', '在职', '00000025', 7.0, '2017-04-02', null, '2017-01-02', '2024-01-17', null);
insert into tb_employee (id, name, sex, birthday, idCard, wedlock, nationId, nativePlace, politicId, email, phone, address, departmentId, jobLevelId, posId, engageForm, tiptopDegree, specialty, school, beginDate, workState, workID, contractTerm, conversionTime, notWorkDate, beginContract, endContract, workAge) values (26, '云星3', 0, '1993-01-05', '610122199301054789', '已婚', 1, '陕西西安', 1, 'yunxing@qq.com', '15644442252', '陕西西安新城区', 92, 16, 34, '劳务合同', '硕士', '通信工程', '西安电子科技学校', '2018-01-01', '在职', '00000026', 5.25, '2018-04-01', null, '2018-01-01', '2023-04-13', null);
insert into tb_employee (id, name, sex, birthday, idCard, wedlock, nationId, nativePlace, politicId, email, phone, address, departmentId, jobLevelId, posId, engageForm, tiptopDegree, specialty, school, beginDate, workState, workID, contractTerm, conversionTime, notWorkDate, beginContract, endContract, workAge) values (27, '贾旭明3', 1, '1993-11-11', '610122199311111234', '已婚', 1, '广东广州', 4, 'jiaxuming@qq.com', '15644441234', '广东省广州市天河区冼村路', 78, 15, 33, '劳务合同', '初中', '通信工程', '西北大学', '2018-01-01', '在职', '00000027', 5.25, '2018-04-01', null, '2018-01-01', '2023-04-13', null);
insert into tb_employee (id, name, sex, birthday, idCard, wedlock, nationId, nativePlace, politicId, email, phone, address, departmentId, jobLevelId, posId, engageForm, tiptopDegree, specialty, school, beginDate, workState, workID, contractTerm, conversionTime, notWorkDate, beginContract, endContract, workAge) values (28, '张黎明3', 1, '1991-02-01', '610144199102014569', '已婚', 1, '广东', 6, 'zhangliming@qq.com', '18979994478', '广东珠海', 91, 15, 33, '劳动合同', '高中', '考古', '清华大学', '2018-01-01', '在职', '00000028', 7.0, '2018-04-01', null, '2018-01-01', '2025-01-30', null);
insert into tb_employee (id, name, sex, birthday, idCard, wedlock, nationId, nativePlace, politicId, email, phone, address, departmentId, jobLevelId, posId, engageForm, tiptopDegree, specialty, school, beginDate, workState, workID, contractTerm, conversionTime, notWorkDate, beginContract, endContract, workAge) values (29, '薛磊3', 1, '1992-07-01', '610144199207017895', '已婚', 1, '陕西西安', 13, 'xuelei@qq.com', '15648887741', '西安市雁塔区', 92, 14, 34, '劳动合同', '初中', '无', '华胥中学', '2018-01-01', '在职', '00000029', 6.0, '2018-04-01', null, '2018-01-01', '2024-01-17', null);
insert into tb_employee (id, name, sex, birthday, idCard, wedlock, nationId, nativePlace, politicId, email, phone, address, departmentId, jobLevelId, posId, engageForm, tiptopDegree, specialty, school, beginDate, workState, workID, contractTerm, conversionTime, notWorkDate, beginContract, endContract, workAge) values (31, '江南一点雨4', 1, '1990-01-01', '610122199001011256', '已婚', 1, '陕西', 13, 'laowang@qq.com', '18565558897', '深圳市南山区', 8, 9, 29, '劳动合同', '本科', '信息管理与信息系统', '深圳大学', '2018-01-01', '在职', '00000031', 1.0, '2018-04-01', null, '2018-01-01', '2019-01-01', null);
insert into tb_employee (id, name, sex, birthday, idCard, wedlock, nationId, nativePlace, politicId, email, phone, address, departmentId, jobLevelId, posId, engageForm, tiptopDegree, specialty, school, beginDate, workState, workID, contractTerm, conversionTime, notWorkDate, beginContract, endContract, workAge) values (32, '陈静4', 0, '1989-02-01', '421288198902011234', '已婚', 1, '海南', 1, 'chenjing@qq.com', '18795556693', '海南省海口市美兰区', 82, 12, 30, '劳动合同', '高中', '市场营销', '武汉大学', '2015-06-09', '在职', '00000032', 3.0, '2015-09-10', null, '2015-06-09', '2018-06-08', null);
insert into tb_employee (id, name, sex, birthday, idCard, wedlock, nationId, nativePlace, politicId, email, phone, address, departmentId, jobLevelId, posId, engageForm, tiptopDegree, specialty, school, beginDate, workState, workID, contractTerm, conversionTime, notWorkDate, beginContract, endContract, workAge) values (33, '赵琳浩4', 1, '1993-03-04', '610122199303041456', '未婚', 1, '陕西', 3, 'zhao@qq.com', '15698887795', '陕西省西安市莲湖区', 91, 12, 33, '劳动合同', '博士', '电子工程', '哈尔滨理工大学', '2018-01-01', '在职', '00000033', 3.5, '2018-04-01', null, '2018-01-01', '2021-07-14', null);
insert into tb_employee (id, name, sex, birthday, idCard, wedlock, nationId, nativePlace, politicId, email, phone, address, departmentId, jobLevelId, posId, engageForm, tiptopDegree, specialty, school, beginDate, workState, workID, contractTerm, conversionTime, notWorkDate, beginContract, endContract, workAge) values (34, '鹿存亮4', 1, '1990-01-03', '610122199001031456', '已婚', 1, '陕西', 3, 'zhao@qq.com', '15612347795', '陕西省西安市莲湖区', 92, 12, 34, '劳动合同', '高中', '电子工程', '哈尔滨理工大学', '2018-01-01', '在职', '00000034', 3.5, '2018-04-01', null, '2018-01-01', '2021-07-14', null);
insert into tb_employee (id, name, sex, birthday, idCard, wedlock, nationId, nativePlace, politicId, email, phone, address, departmentId, jobLevelId, posId, engageForm, tiptopDegree, specialty, school, beginDate, workState, workID, contractTerm, conversionTime, notWorkDate, beginContract, endContract, workAge) values (35, '姚森4', 1, '1991-02-05', '610122199102058952', '已婚', 1, '河南', 3, 'yaosen@qq.com', '14785559936', '河南洛阳人民大道58号', 92, 15, 34, '劳动合同', '初中', '室内装修设计', '西北大学', '2017-01-02', '在职', '00000035', 7.0, '2017-04-02', null, '2017-01-02', '2024-01-17', null);
insert into tb_employee (id, name, sex, birthday, idCard, wedlock, nationId, nativePlace, politicId, email, phone, address, departmentId, jobLevelId, posId, engageForm, tiptopDegree, specialty, school, beginDate, workState, workID, contractTerm, conversionTime, notWorkDate, beginContract, endContract, workAge) values (36, '云星4', 0, '1993-01-05', '610122199301054789', '已婚', 1, '陕西西安', 1, 'yunxing@qq.com', '15644442252', '陕西西安新城区', 92, 16, 34, '劳务合同', '硕士', '通信工程', '西安电子科技学校', '2018-01-01', '在职', '00000036', 5.25, '2018-04-01', null, '2018-01-01', '2023-04-13', null);
insert into tb_employee (id, name, sex, birthday, idCard, wedlock, nationId, nativePlace, politicId, email, phone, address, departmentId, jobLevelId, posId, engageForm, tiptopDegree, specialty, school, beginDate, workState, workID, contractTerm, conversionTime, notWorkDate, beginContract, endContract, workAge) values (37, '贾旭明4', 1, '1993-11-11', '610122199311111234', '已婚', 1, '广东广州', 4, 'jiaxuming@qq.com', '15644441234', '广东省广州市天河区冼村路', 78, 15, 33, '劳务合同', '初中', '通信工程', '西北大学', '2018-01-01', '在职', '00000037', 5.25, '2018-04-01', null, '2018-01-01', '2023-04-13', null);
insert into tb_employee (id, name, sex, birthday, idCard, wedlock, nationId, nativePlace, politicId, email, phone, address, departmentId, jobLevelId, posId, engageForm, tiptopDegree, specialty, school, beginDate, workState, workID, contractTerm, conversionTime, notWorkDate, beginContract, endContract, workAge) values (38, '张黎明2', 1, '1991-02-01', '610144199102014569', '已婚', 1, '广东', 6, 'zhangliming@qq.com', '18979994478', '广东珠海', 91, 15, 33, '劳动合同', '高中', '考古', '清华大学', '2018-01-01', '在职', '00000038', 7.0, '2018-04-01', null, '2018-01-01', '2025-01-30', null);
insert into tb_employee (id, name, sex, birthday, idCard, wedlock, nationId, nativePlace, politicId, email, phone, address, departmentId, jobLevelId, posId, engageForm, tiptopDegree, specialty, school, beginDate, workState, workID, contractTerm, conversionTime, notWorkDate, beginContract, endContract, workAge) values (39, '薛磊4', 1, '1992-07-01', '610144199207017895', '已婚', 1, '陕西西安', 13, 'xuelei@qq.com', '15648887741', '西安市雁塔区', 92, 14, 34, '劳动合同', '初中', '无', '华胥中学', '2018-01-01', '在职', '00000039', 6.0, '2018-04-01', null, '2018-01-01', '2024-01-17', null);
insert into tb_employee (id, name, sex, birthday, idCard, wedlock, nationId, nativePlace, politicId, email, phone, address, departmentId, jobLevelId, posId, engageForm, tiptopDegree, specialty, school, beginDate, workState, workID, contractTerm, conversionTime, notWorkDate, beginContract, endContract, workAge) values (40, '张洁4', 0, '1990-10-09', '420177199010093652', '未婚', 1, '海南', 5, 'zhangjie@qq.com', '13695557742', '海口市美兰区', 92, 16, 34, '劳动合同', '高中', '无', '海南侨中', '2018-01-01', '在职', '00000040', 1.0, '2018-01-31', null, '2018-01-01', '2019-01-01', null);
insert into tb_employee (id, name, sex, birthday, idCard, wedlock, nationId, nativePlace, politicId, email, phone, address, departmentId, jobLevelId, posId, engageForm, tiptopDegree, specialty, school, beginDate, workState, workID, contractTerm, conversionTime, notWorkDate, beginContract, endContract, workAge) values (41, '江南一点雨5', 1, '1990-01-01', '610122199001011256', '已婚', 1, '陕西', 13, 'laowang@qq.com', '18565558897', '深圳市南山区', 8, 9, 29, '劳动合同', '本科', '信息管理与信息系统', '深圳大学', '2018-01-01', '在职', '00000041', 1.0, '2018-04-01', null, '2018-01-01', '2019-01-01', null);
insert into tb_employee (id, name, sex, birthday, idCard, wedlock, nationId, nativePlace, politicId, email, phone, address, departmentId, jobLevelId, posId, engageForm, tiptopDegree, specialty, school, beginDate, workState, workID, contractTerm, conversionTime, notWorkDate, beginContract, endContract, workAge) values (42, '陈静5', 0, '1989-02-01', '421288198902011234', '已婚', 1, '海南', 1, 'chenjing@qq.com', '18795556693', '海南省海口市美兰区', 82, 12, 30, '劳动合同', '高中', '市场营销', '武汉大学', '2015-06-09', '在职', '00000042', 3.0, '2015-09-10', null, '2015-06-09', '2018-06-08', null);
insert into tb_employee (id, name, sex, birthday, idCard, wedlock, nationId, nativePlace, politicId, email, phone, address, departmentId, jobLevelId, posId, engageForm, tiptopDegree, specialty, school, beginDate, workState, workID, contractTerm, conversionTime, notWorkDate, beginContract, endContract, workAge) values (43, '赵琳浩5', 1, '1993-03-04', '610122199303041456', '未婚', 1, '陕西', 3, 'zhao@qq.com', '15698887795', '陕西省西安市莲湖区', 91, 12, 33, '劳动合同', '博士', '电子工程', '哈尔滨理工大学', '2018-01-01', '在职', '00000043', 3.5, '2018-04-01', null, '2018-01-01', '2021-07-14', null);
insert into tb_employee (id, name, sex, birthday, idCard, wedlock, nationId, nativePlace, politicId, email, phone, address, departmentId, jobLevelId, posId, engageForm, tiptopDegree, specialty, school, beginDate, workState, workID, contractTerm, conversionTime, notWorkDate, beginContract, endContract, workAge) values (44, '鹿存亮5', 1, '1990-01-03', '610122199001031456', '已婚', 1, '陕西', 3, 'zhao@qq.com', '15612347795', '陕西省西安市莲湖区', 92, 12, 34, '劳动合同', '高中', '电子工程', '哈尔滨理工大学', '2018-01-01', '在职', '00000044', 3.5, '2018-04-01', null, '2018-01-01', '2021-07-14', null);
insert into tb_employee (id, name, sex, birthday, idCard, wedlock, nationId, nativePlace, politicId, email, phone, address, departmentId, jobLevelId, posId, engageForm, tiptopDegree, specialty, school, beginDate, workState, workID, contractTerm, conversionTime, notWorkDate, beginContract, endContract, workAge) values (45, '姚森5', 1, '1991-02-05', '610122199102058952', '已婚', 1, '河南', 3, 'yaosen@qq.com', '14785559936', '河南洛阳人民大道58号', 92, 15, 34, '劳动合同', '初中', '室内装修设计', '西北大学', '2017-01-02', '在职', '00000045', 7.0, '2017-04-02', null, '2017-01-02', '2024-01-17', null);
insert into tb_employee (id, name, sex, birthday, idCard, wedlock, nationId, nativePlace, politicId, email, phone, address, departmentId, jobLevelId, posId, engageForm, tiptopDegree, specialty, school, beginDate, workState, workID, contractTerm, conversionTime, notWorkDate, beginContract, endContract, workAge) values (46, '云星5', 0, '1993-01-05', '610122199301054789', '已婚', 1, '陕西西安', 1, 'yunxing@qq.com', '15644442252', '陕西西安新城区', 92, 16, 34, '劳务合同', '硕士', '通信工程', '西安电子科技学校', '2018-01-01', '在职', '00000046', 5.25, '2018-04-01', null, '2018-01-01', '2023-04-13', null);
insert into tb_employee (id, name, sex, birthday, idCard, wedlock, nationId, nativePlace, politicId, email, phone, address, departmentId, jobLevelId, posId, engageForm, tiptopDegree, specialty, school, beginDate, workState, workID, contractTerm, conversionTime, notWorkDate, beginContract, endContract, workAge) values (47, '贾旭明5', 1, '1993-11-11', '610122199311111234', '已婚', 1, '广东广州', 4, 'jiaxuming@qq.com', '15644441234', '广东省广州市天河区冼村路', 78, 15, 33, '劳务合同', '初中', '通信工程', '西北大学', '2018-01-01', '在职', '00000047', 5.25, '2018-04-01', null, '2018-01-01', '2023-04-13', null);
insert into tb_employee (id, name, sex, birthday, idCard, wedlock, nationId, nativePlace, politicId, email, phone, address, departmentId, jobLevelId, posId, engageForm, tiptopDegree, specialty, school, beginDate, workState, workID, contractTerm, conversionTime, notWorkDate, beginContract, endContract, workAge) values (48, '张黎明5', 1, '1991-02-01', '610144199102014569', '已婚', 1, '广东', 6, 'zhangliming@qq.com', '18979994478', '广东珠海', 91, 15, 33, '劳动合同', '高中', '考古', '清华大学', '2018-01-01', '在职', '00000048', 7.0, '2018-04-01', null, '2018-01-01', '2025-01-30', null);
insert into tb_employee (id, name, sex, birthday, idCard, wedlock, nationId, nativePlace, politicId, email, phone, address, departmentId, jobLevelId, posId, engageForm, tiptopDegree, specialty, school, beginDate, workState, workID, contractTerm, conversionTime, notWorkDate, beginContract, endContract, workAge) values (49, '薛磊5', 1, '1992-07-01', '610144199207017895', '已婚', 1, '陕西西安', 13, 'xuelei@qq.com', '15648887741', '西安市雁塔区', 92, 14, 34, '劳动合同', '初中', '无', '华胥中学', '2018-01-01', '在职', '00000049', 6.0, '2018-04-01', null, '2018-01-01', '2024-01-17', null);
insert into tb_employee (id, name, sex, birthday, idCard, wedlock, nationId, nativePlace, politicId, email, phone, address, departmentId, jobLevelId, posId, engageForm, tiptopDegree, specialty, school, beginDate, workState, workID, contractTerm, conversionTime, notWorkDate, beginContract, endContract, workAge) values (50, '张洁5', 0, '1990-10-09', '420177199010093652', '未婚', 1, '海南', 5, 'zhangjie@qq.com', '13695557742', '海口市美兰区', 92, 16, 34, '劳动合同', '高中', '无', '海南侨中', '2018-01-01', '在职', '00000050', 1.0, '2018-01-31', null, '2018-01-01', '2019-01-01', null);
insert into tb_employee (id, name, sex, birthday, idCard, wedlock, nationId, nativePlace, politicId, email, phone, address, departmentId, jobLevelId, posId, engageForm, tiptopDegree, specialty, school, beginDate, workState, workID, contractTerm, conversionTime, notWorkDate, beginContract, endContract, workAge) values (51, '江南一点雨6', 1, '1990-01-01', '610122199001011256', '已婚', 1, '陕西', 13, 'laowang@qq.com', '18565558897', '深圳市南山区', 8, 9, 29, '劳动合同', '本科', '信息管理与信息系统', '深圳大学', '2018-01-01', '在职', '00000051', 1.0, '2018-04-01', null, '2018-01-01', '2019-01-01', null);
insert into tb_employee (id, name, sex, birthday, idCard, wedlock, nationId, nativePlace, politicId, email, phone, address, departmentId, jobLevelId, posId, engageForm, tiptopDegree, specialty, school, beginDate, workState, workID, contractTerm, conversionTime, notWorkDate, beginContract, endContract, workAge) values (52, '陈静6', 0, '1989-02-01', '421288198902011234', '已婚', 1, '海南', 1, 'chenjing@qq.com', '18795556693', '海南省海口市美兰区', 82, 12, 30, '劳动合同', '高中', '市场营销', '武汉大学', '2015-06-09', '在职', '00000052', 3.0, '2015-09-10', null, '2015-06-09', '2018-06-08', null);
insert into tb_employee (id, name, sex, birthday, idCard, wedlock, nationId, nativePlace, politicId, email, phone, address, departmentId, jobLevelId, posId, engageForm, tiptopDegree, specialty, school, beginDate, workState, workID, contractTerm, conversionTime, notWorkDate, beginContract, endContract, workAge) values (53, '赵琳浩6', 1, '1993-03-04', '610122199303041456', '未婚', 1, '陕西', 3, 'zhao@qq.com', '15698887795', '陕西省西安市莲湖区', 91, 12, 33, '劳动合同', '博士', '电子工程', '哈尔滨理工大学', '2018-01-01', '在职', '00000053', 3.5, '2018-04-01', null, '2018-01-01', '2021-07-14', null);
insert into tb_employee (id, name, sex, birthday, idCard, wedlock, nationId, nativePlace, politicId, email, phone, address, departmentId, jobLevelId, posId, engageForm, tiptopDegree, specialty, school, beginDate, workState, workID, contractTerm, conversionTime, notWorkDate, beginContract, endContract, workAge) values (54, '鹿存亮6', 1, '1990-01-03', '610122199001031456', '已婚', 1, '陕西', 3, 'zhao@qq.com', '15612347795', '陕西省西安市莲湖区', 92, 12, 34, '劳动合同', '高中', '电子工程', '哈尔滨理工大学', '2018-01-01', '在职', '00000054', 3.5, '2018-04-01', null, '2018-01-01', '2021-07-14', null);
insert into tb_employee (id, name, sex, birthday, idCard, wedlock, nationId, nativePlace, politicId, email, phone, address, departmentId, jobLevelId, posId, engageForm, tiptopDegree, specialty, school, beginDate, workState, workID, contractTerm, conversionTime, notWorkDate, beginContract, endContract, workAge) values (55, '姚森6', 1, '1991-02-05', '610122199102058952', '已婚', 1, '河南', 3, 'yaosen@qq.com', '14785559936', '河南洛阳人民大道58号', 92, 15, 34, '劳动合同', '初中', '室内装修设计', '西北大学', '2017-01-02', '在职', '00000055', 7.0, '2017-04-02', null, '2017-01-02', '2024-01-17', null);
insert into tb_employee (id, name, sex, birthday, idCard, wedlock, nationId, nativePlace, politicId, email, phone, address, departmentId, jobLevelId, posId, engageForm, tiptopDegree, specialty, school, beginDate, workState, workID, contractTerm, conversionTime, notWorkDate, beginContract, endContract, workAge) values (56, '云星6', 0, '1993-01-05', '610122199301054789', '已婚', 1, '陕西西安', 1, 'yunxing@qq.com', '15644442252', '陕西西安新城区', 92, 16, 34, '劳务合同', '硕士', '通信工程', '西安电子科技学校', '2018-01-01', '在职', '00000056', 5.25, '2018-04-01', null, '2018-01-01', '2023-04-13', null);
insert into tb_employee (id, name, sex, birthday, idCard, wedlock, nationId, nativePlace, politicId, email, phone, address, departmentId, jobLevelId, posId, engageForm, tiptopDegree, specialty, school, beginDate, workState, workID, contractTerm, conversionTime, notWorkDate, beginContract, endContract, workAge) values (1351, '江南一点雨', 1, '1990-01-01', '610122199001011256', '已婚', 1, '陕西', 13, 'laowang@qq.com', '18565558897', '深圳市南山区', 8, 9, 29, '劳动合同', '本科', '信息管理与信息系统', '深圳大学', '2018-01-01', '在职', '00000001', 1.0, null, null, '2018-01-01', '2019-01-01', null);
insert into tb_employee (id, name, sex, birthday, idCard, wedlock, nationId, nativePlace, politicId, email, phone, address, departmentId, jobLevelId, posId, engageForm, tiptopDegree, specialty, school, beginDate, workState, workID, contractTerm, conversionTime, notWorkDate, beginContract, endContract, workAge) values (1352, '陈静', 0, '1989-02-01', '421288198902011234', '已婚', 1, '海南', 1, 'chenjing@qq.com', '18795556693', '海南省海口市美兰区', 82, 12, 30, '劳动合同', '高中', '市场营销', '武汉大学', '2015-06-09', '在职', '00000002', 3.0, null, null, '2015-06-09', '2018-06-08', null);
insert into tb_employee (id, name, sex, birthday, idCard, wedlock, nationId, nativePlace, politicId, email, phone, address, departmentId, jobLevelId, posId, engageForm, tiptopDegree, specialty, school, beginDate, workState, workID, contractTerm, conversionTime, notWorkDate, beginContract, endContract, workAge) values (1353, '赵琳浩', 1, '1993-03-04', '610122199303041456', '未婚', 1, '陕西', 3, 'zhao@qq.com', '15698887795', '陕西省西安市莲湖区', 91, 12, 33, '劳动合同', '博士', '电子工程', '哈尔滨理工大学', '2018-01-01', '在职', '00000003', 3.5, null, null, '2018-01-01', '2021-07-14', null);
insert into tb_employee (id, name, sex, birthday, idCard, wedlock, nationId, nativePlace, politicId, email, phone, address, departmentId, jobLevelId, posId, engageForm, tiptopDegree, specialty, school, beginDate, workState, workID, contractTerm, conversionTime, notWorkDate, beginContract, endContract, workAge) values (1354, '鹿存亮', 1, '1990-01-03', '610122199001031456', '已婚', 1, '陕西', 3, 'zhao@qq.com', '15612347795', '陕西省西安市莲湖区', 92, 12, 34, '劳动合同', '高中', '电子工程', '哈尔滨理工大学', '2018-01-01', '在职', '00000004', 3.5, null, null, '2018-01-01', '2021-07-14', null);
insert into tb_employee (id, name, sex, birthday, idCard, wedlock, nationId, nativePlace, politicId, email, phone, address, departmentId, jobLevelId, posId, engageForm, tiptopDegree, specialty, school, beginDate, workState, workID, contractTerm, conversionTime, notWorkDate, beginContract, endContract, workAge) values (1355, '姚森', 1, '1991-02-05', '610122199102058952', '已婚', 1, '河南', 3, 'yaosen@qq.com', '14785559936', '河南洛阳人民大道58号', 92, 15, 34, '劳动合同', '初中', '室内装修设计', '西北大学', '2017-01-02', '在职', '00000005', 7.0, null, null, '2017-01-02', '2024-01-17', null);
insert into tb_employee (id, name, sex, birthday, idCard, wedlock, nationId, nativePlace, politicId, email, phone, address, departmentId, jobLevelId, posId, engageForm, tiptopDegree, specialty, school, beginDate, workState, workID, contractTerm, conversionTime, notWorkDate, beginContract, endContract, workAge) values (1357, '贾旭明', 1, '1993-11-11', '610122199311111234', '已婚', 1, '广东广州', 4, 'jiaxuming@qq.com', '15644441234', '广东省广州市天河区冼村路', 78, 15, 33, '劳务合同', '初中', '通信工程', '西北大学', '2018-01-01', '在职', '00000007', 5.25, null, null, '2018-01-01', '2023-04-13', null);
insert into tb_employee (id, name, sex, birthday, idCard, wedlock, nationId, nativePlace, politicId, email, phone, address, departmentId, jobLevelId, posId, engageForm, tiptopDegree, specialty, school, beginDate, workState, workID, contractTerm, conversionTime, notWorkDate, beginContract, endContract, workAge) values (1358, '张黎明', 1, '1991-02-01', '610144199102014569', '已婚', 1, '广东', 6, 'zhangliming@qq.com', '18979994478', '广东珠海', 91, 15, 33, '劳动合同', '高中', '考古', '清华大学', '2018-01-01', '在职', '00000008', 7.0, null, null, '2018-01-01', '2025-01-30', null);
insert into tb_employee (id, name, sex, birthday, idCard, wedlock, nationId, nativePlace, politicId, email, phone, address, departmentId, jobLevelId, posId, engageForm, tiptopDegree, specialty, school, beginDate, workState, workID, contractTerm, conversionTime, notWorkDate, beginContract, endContract, workAge) values (1359, '薛磊', 1, '1992-07-01', '610144199207017895', '已婚', 1, '陕西西安', 13, 'xuelei@qq.com', '15648887741', '西安市雁塔区', 92, 14, 34, '劳动合同', '初中', '无', '华胥中学', '2018-01-01', '在职', '00000009', 6.0, null, null, '2018-01-01', '2024-01-17', null);
insert into tb_employee (id, name, sex, birthday, idCard, wedlock, nationId, nativePlace, politicId, email, phone, address, departmentId, jobLevelId, posId, engageForm, tiptopDegree, specialty, school, beginDate, workState, workID, contractTerm, conversionTime, notWorkDate, beginContract, endContract, workAge) values (1360, '张洁', 0, '1990-10-09', '420177199010093652', '未婚', 1, '海南', 5, 'zhangjie@qq.com', '13695557742', '海口市美兰区', 92, 16, 34, '劳动合同', '高中', '无', '海南侨中', '2018-01-01', '在职', '00000010', 1.0, null, null, '2018-01-01', '2019-01-01', null);
insert into tb_employee (id, name, sex, birthday, idCard, wedlock, nationId, nativePlace, politicId, email, phone, address, departmentId, jobLevelId, posId, engageForm, tiptopDegree, specialty, school, beginDate, workState, workID, contractTerm, conversionTime, notWorkDate, beginContract, endContract, workAge) values (1361, '江南一点雨2', 1, '1990-01-01', '610122199001011256', '已婚', 1, '陕西', 13, 'laowang@qq.com', '18565558897', '深圳市南山区', 8, 9, 29, '劳动合同', '本科', '信息管理与信息系统', '深圳大学', '2018-01-01', '在职', '00000011', 1.0, null, null, '2018-01-01', '2019-01-01', null);
insert into tb_employee (id, name, sex, birthday, idCard, wedlock, nationId, nativePlace, politicId, email, phone, address, departmentId, jobLevelId, posId, engageForm, tiptopDegree, specialty, school, beginDate, workState, workID, contractTerm, conversionTime, notWorkDate, beginContract, endContract, workAge) values (1362, '陈静2', 0, '1989-02-01', '421288198902011234', '已婚', 1, '海南', 1, 'chenjing@qq.com', '18795556693', '海南省海口市美兰区', 82, 12, 30, '劳动合同', '高中', '市场营销', '武汉大学', '2015-06-09', '在职', '00000012', 3.0, null, null, '2015-06-09', '2018-06-08', null);
insert into tb_employee (id, name, sex, birthday, idCard, wedlock, nationId, nativePlace, politicId, email, phone, address, departmentId, jobLevelId, posId, engageForm, tiptopDegree, specialty, school, beginDate, workState, workID, contractTerm, conversionTime, notWorkDate, beginContract, endContract, workAge) values (1363, '赵琳浩2', 1, '1993-03-04', '610122199303041456', '未婚', 1, '陕西', 3, 'zhao@qq.com', '15698887795', '陕西省西安市莲湖区', 91, 12, 33, '劳动合同', '博士', '电子工程', '哈尔滨理工大学', '2018-01-01', '在职', '00000013', 3.5, null, null, '2018-01-01', '2021-07-14', null);
insert into tb_employee (id, name, sex, birthday, idCard, wedlock, nationId, nativePlace, politicId, email, phone, address, departmentId, jobLevelId, posId, engageForm, tiptopDegree, specialty, school, beginDate, workState, workID, contractTerm, conversionTime, notWorkDate, beginContract, endContract, workAge) values (1364, '鹿存亮2', 1, '1990-01-03', '610122199001031456', '已婚', 1, '陕西', 3, 'zhao@qq.com', '15612347795', '陕西省西安市莲湖区', 92, 12, 34, '劳动合同', '高中', '电子工程', '哈尔滨理工大学', '2018-01-01', '在职', '00000014', 3.5, null, null, '2018-01-01', '2021-07-14', null);
insert into tb_employee (id, name, sex, birthday, idCard, wedlock, nationId, nativePlace, politicId, email, phone, address, departmentId, jobLevelId, posId, engageForm, tiptopDegree, specialty, school, beginDate, workState, workID, contractTerm, conversionTime, notWorkDate, beginContract, endContract, workAge) values (1365, '姚森2', 1, '1991-02-05', '610122199102058952', '已婚', 1, '河南', 3, 'yaosen@qq.com', '14785559936', '河南洛阳人民大道58号', 92, 15, 34, '劳动合同', '初中', '室内装修设计', '西北大学', '2017-01-02', '在职', '00000015', 7.0, null, null, '2017-01-02', '2024-01-17', null);
insert into tb_employee (id, name, sex, birthday, idCard, wedlock, nationId, nativePlace, politicId, email, phone, address, departmentId, jobLevelId, posId, engageForm, tiptopDegree, specialty, school, beginDate, workState, workID, contractTerm, conversionTime, notWorkDate, beginContract, endContract, workAge) values (1366, '云星2', 0, '1993-01-05', '610122199301054789', '已婚', 1, '陕西西安', 1, 'yunxing@qq.com', '15644442252', '陕西西安新城区', 92, 16, 34, '劳务合同', '硕士', '通信工程', '西安电子科技学校', '2018-01-01', '在职', '00000016', 5.25, null, null, '2018-01-01', '2023-04-13', null);
insert into tb_employee (id, name, sex, birthday, idCard, wedlock, nationId, nativePlace, politicId, email, phone, address, departmentId, jobLevelId, posId, engageForm, tiptopDegree, specialty, school, beginDate, workState, workID, contractTerm, conversionTime, notWorkDate, beginContract, endContract, workAge) values (1367, '贾旭明2', 1, '1993-11-11', '610122199311111234', '已婚', 1, '广东广州', 4, 'jiaxuming@qq.com', '15644441234', '广东省广州市天河区冼村路', 78, 15, 33, '劳务合同', '初中', '通信工程', '西北大学', '2018-01-01', '在职', '00000017', 5.25, null, null, '2018-01-01', '2023-04-13', null);
insert into tb_employee (id, name, sex, birthday, idCard, wedlock, nationId, nativePlace, politicId, email, phone, address, departmentId, jobLevelId, posId, engageForm, tiptopDegree, specialty, school, beginDate, workState, workID, contractTerm, conversionTime, notWorkDate, beginContract, endContract, workAge) values (1368, '王一亭', 1, '1991-02-01', '610144199102014569', '已婚', 1, '广东', 6, 'zhangliming@qq.com', '18979994478', '广东珠海', 91, 15, 33, '劳动合同', '高中', '考古', '清华大学', '2018-01-01', '在职', '00000018', 7.0, null, null, '2018-01-01', '2025-01-30', null);
insert into tb_employee (id, name, sex, birthday, idCard, wedlock, nationId, nativePlace, politicId, email, phone, address, departmentId, jobLevelId, posId, engageForm, tiptopDegree, specialty, school, beginDate, workState, workID, contractTerm, conversionTime, notWorkDate, beginContract, endContract, workAge) values (1369, '薛磊2', 1, '1992-07-01', '610144199207017895', '已婚', 1, '陕西西安', 13, 'xuelei@qq.com', '15648887741', '西安市雁塔区', 92, 14, 34, '劳动合同', '初中', '无', '华胥中学', '2018-01-01', '在职', '00000019', 1.0, null, null, '2018-01-01', '2019-01-01', null);
insert into tb_employee (id, name, sex, birthday, idCard, wedlock, nationId, nativePlace, politicId, email, phone, address, departmentId, jobLevelId, posId, engageForm, tiptopDegree, specialty, school, beginDate, workState, workID, contractTerm, conversionTime, notWorkDate, beginContract, endContract, workAge) values (1370, '张洁2', 0, '1990-10-09', '420177199010093652', '未婚', 1, '海南', 5, 'zhangjie@qq.com', '13695557742', '海口市美兰区', 92, 16, 34, '劳动合同', '高中', '无', '海南侨中', '2018-01-01', '在职', '00000020', 1.0, null, null, '2018-01-01', '2019-01-01', null);
insert into tb_employee (id, name, sex, birthday, idCard, wedlock, nationId, nativePlace, politicId, email, phone, address, departmentId, jobLevelId, posId, engageForm, tiptopDegree, specialty, school, beginDate, workState, workID, contractTerm, conversionTime, notWorkDate, beginContract, endContract, workAge) values (1371, '江南一点雨3', 1, '1990-01-01', '610122199001011256', '已婚', 1, '陕西', 13, 'laowang@qq.com', '18565558897', '深圳市南山区', 8, 9, 29, '劳动合同', '本科', '信息管理与信息系统', '深圳大学', '2018-01-01', '在职', '00000021', 1.0, null, null, '2018-01-01', '2019-01-01', null);
insert into tb_employee (id, name, sex, birthday, idCard, wedlock, nationId, nativePlace, politicId, email, phone, address, departmentId, jobLevelId, posId, engageForm, tiptopDegree, specialty, school, beginDate, workState, workID, contractTerm, conversionTime, notWorkDate, beginContract, endContract, workAge) values (1372, '陈静3', 0, '1989-02-01', '421288198902011234', '已婚', 1, '海南', 1, 'chenjing@qq.com', '18795556693', '海南省海口市美兰区', 82, 12, 30, '劳动合同', '高中', '市场营销', '武汉大学', '2015-06-09', '在职', '00000022', 3.0, null, null, '2015-06-09', '2018-06-08', null);
insert into tb_employee (id, name, sex, birthday, idCard, wedlock, nationId, nativePlace, politicId, email, phone, address, departmentId, jobLevelId, posId, engageForm, tiptopDegree, specialty, school, beginDate, workState, workID, contractTerm, conversionTime, notWorkDate, beginContract, endContract, workAge) values (1373, '鹿存亮3', 1, '1990-01-03', '610122199001031456', '已婚', 1, '陕西', 3, 'zhao@qq.com', '15612347795', '陕西省西安市莲湖区', 92, 12, 34, '劳动合同', '高中', '电子工程', '哈尔滨理工大学', '2018-01-01', '在职', '00000024', 3.5, null, null, '2018-01-01', '2021-07-14', null);
insert into tb_employee (id, name, sex, birthday, idCard, wedlock, nationId, nativePlace, politicId, email, phone, address, departmentId, jobLevelId, posId, engageForm, tiptopDegree, specialty, school, beginDate, workState, workID, contractTerm, conversionTime, notWorkDate, beginContract, endContract, workAge) values (1374, '姚森3', 1, '1991-02-05', '610122199102058952', '已婚', 1, '河南', 3, 'yaosen@qq.com', '14785559936', '河南洛阳人民大道58号', 92, 15, 34, '劳动合同', '初中', '室内装修设计', '西北大学', '2017-01-02', '在职', '00000025', 7.0, null, null, '2017-01-02', '2024-01-17', null);
insert into tb_employee (id, name, sex, birthday, idCard, wedlock, nationId, nativePlace, politicId, email, phone, address, departmentId, jobLevelId, posId, engageForm, tiptopDegree, specialty, school, beginDate, workState, workID, contractTerm, conversionTime, notWorkDate, beginContract, endContract, workAge) values (1375, '云星3', 0, '1993-01-05', '610122199301054789', '已婚', 1, '陕西西安', 1, 'yunxing@qq.com', '15644442252', '陕西西安新城区', 92, 16, 34, '劳务合同', '硕士', '通信工程', '西安电子科技学校', '2018-01-01', '在职', '00000026', 5.25, null, null, '2018-01-01', '2023-04-13', null);
insert into tb_employee (id, name, sex, birthday, idCard, wedlock, nationId, nativePlace, politicId, email, phone, address, departmentId, jobLevelId, posId, engageForm, tiptopDegree, specialty, school, beginDate, workState, workID, contractTerm, conversionTime, notWorkDate, beginContract, endContract, workAge) values (1376, '贾旭明3', 1, '1993-11-11', '610122199311111234', '已婚', 1, '广东广州', 4, 'jiaxuming@qq.com', '15644441234', '广东省广州市天河区冼村路', 78, 15, 33, '劳务合同', '初中', '通信工程', '西北大学', '2018-01-01', '在职', '00000027', 5.25, null, null, '2018-01-01', '2023-04-13', null);
insert into tb_employee (id, name, sex, birthday, idCard, wedlock, nationId, nativePlace, politicId, email, phone, address, departmentId, jobLevelId, posId, engageForm, tiptopDegree, specialty, school, beginDate, workState, workID, contractTerm, conversionTime, notWorkDate, beginContract, endContract, workAge) values (1377, '张黎明3', 1, '1991-02-01', '610144199102014569', '已婚', 1, '广东', 6, 'zhangliming@qq.com', '18979994478', '广东珠海', 91, 15, 33, '劳动合同', '高中', '考古', '清华大学', '2018-01-01', '在职', '00000028', 7.0, null, null, '2018-01-01', '2025-01-30', null);
insert into tb_employee (id, name, sex, birthday, idCard, wedlock, nationId, nativePlace, politicId, email, phone, address, departmentId, jobLevelId, posId, engageForm, tiptopDegree, specialty, school, beginDate, workState, workID, contractTerm, conversionTime, notWorkDate, beginContract, endContract, workAge) values (1378, '薛磊3', 1, '1992-07-01', '610144199207017895', '已婚', 1, '陕西西安', 13, 'xuelei@qq.com', '15648887741', '西安市雁塔区', 92, 14, 34, '劳动合同', '初中', '无', '华胥中学', '2018-01-01', '在职', '00000029', 6.0, null, null, '2018-01-01', '2024-01-17', null);
insert into tb_employee (id, name, sex, birthday, idCard, wedlock, nationId, nativePlace, politicId, email, phone, address, departmentId, jobLevelId, posId, engageForm, tiptopDegree, specialty, school, beginDate, workState, workID, contractTerm, conversionTime, notWorkDate, beginContract, endContract, workAge) values (1379, '江南一点雨4', 1, '1990-01-01', '610122199001011256', '已婚', 1, '陕西', 13, 'laowang@qq.com', '18565558897', '深圳市南山区', 8, 9, 29, '劳动合同', '本科', '信息管理与信息系统', '深圳大学', '2018-01-01', '在职', '00000031', 1.0, null, null, '2018-01-01', '2019-01-01', null);
insert into tb_employee (id, name, sex, birthday, idCard, wedlock, nationId, nativePlace, politicId, email, phone, address, departmentId, jobLevelId, posId, engageForm, tiptopDegree, specialty, school, beginDate, workState, workID, contractTerm, conversionTime, notWorkDate, beginContract, endContract, workAge) values (1380, '陈静4', 0, '1989-02-01', '421288198902011234', '已婚', 1, '海南', 1, 'chenjing@qq.com', '18795556693', '海南省海口市美兰区', 82, 12, 30, '劳动合同', '高中', '市场营销', '武汉大学', '2015-06-09', '在职', '00000032', 3.0, null, null, '2015-06-09', '2018-06-08', null);
insert into tb_employee (id, name, sex, birthday, idCard, wedlock, nationId, nativePlace, politicId, email, phone, address, departmentId, jobLevelId, posId, engageForm, tiptopDegree, specialty, school, beginDate, workState, workID, contractTerm, conversionTime, notWorkDate, beginContract, endContract, workAge) values (1381, '赵琳浩4', 1, '1993-03-04', '610122199303041456', '未婚', 1, '陕西', 3, 'zhao@qq.com', '15698887795', '陕西省西安市莲湖区', 91, 12, 33, '劳动合同', '博士', '电子工程', '哈尔滨理工大学', '2018-01-01', '在职', '00000033', 3.5, null, null, '2018-01-01', '2021-07-14', null);
insert into tb_employee (id, name, sex, birthday, idCard, wedlock, nationId, nativePlace, politicId, email, phone, address, departmentId, jobLevelId, posId, engageForm, tiptopDegree, specialty, school, beginDate, workState, workID, contractTerm, conversionTime, notWorkDate, beginContract, endContract, workAge) values (1382, '鹿存亮4', 1, '1990-01-03', '610122199001031456', '已婚', 1, '陕西', 3, 'zhao@qq.com', '15612347795', '陕西省西安市莲湖区', 92, 12, 34, '劳动合同', '高中', '电子工程', '哈尔滨理工大学', '2018-01-01', '在职', '00000034', 3.5, null, null, '2018-01-01', '2021-07-14', null);
insert into tb_employee (id, name, sex, birthday, idCard, wedlock, nationId, nativePlace, politicId, email, phone, address, departmentId, jobLevelId, posId, engageForm, tiptopDegree, specialty, school, beginDate, workState, workID, contractTerm, conversionTime, notWorkDate, beginContract, endContract, workAge) values (1383, '姚森4', 1, '1991-02-05', '610122199102058952', '已婚', 1, '河南', 3, 'yaosen@qq.com', '14785559936', '河南洛阳人民大道58号', 92, 15, 34, '劳动合同', '初中', '室内装修设计', '西北大学', '2017-01-02', '在职', '00000035', 7.0, null, null, '2017-01-02', '2024-01-17', null);
insert into tb_employee (id, name, sex, birthday, idCard, wedlock, nationId, nativePlace, politicId, email, phone, address, departmentId, jobLevelId, posId, engageForm, tiptopDegree, specialty, school, beginDate, workState, workID, contractTerm, conversionTime, notWorkDate, beginContract, endContract, workAge) values (1384, '云星4', 0, '1993-01-05', '610122199301054789', '已婚', 1, '陕西西安', 1, 'yunxing@qq.com', '15644442252', '陕西西安新城区', 92, 16, 34, '劳务合同', '硕士', '通信工程', '西安电子科技学校', '2018-01-01', '在职', '00000036', 5.25, null, null, '2018-01-01', '2023-04-13', null);
insert into tb_employee (id, name, sex, birthday, idCard, wedlock, nationId, nativePlace, politicId, email, phone, address, departmentId, jobLevelId, posId, engageForm, tiptopDegree, specialty, school, beginDate, workState, workID, contractTerm, conversionTime, notWorkDate, beginContract, endContract, workAge) values (1385, '贾旭明4', 1, '1993-11-11', '610122199311111234', '已婚', 1, '广东广州', 4, 'jiaxuming@qq.com', '15644441234', '广东省广州市天河区冼村路', 78, 15, 33, '劳务合同', '初中', '通信工程', '西北大学', '2018-01-01', '在职', '00000037', 5.25, null, null, '2018-01-01', '2023-04-13', null);
insert into tb_employee (id, name, sex, birthday, idCard, wedlock, nationId, nativePlace, politicId, email, phone, address, departmentId, jobLevelId, posId, engageForm, tiptopDegree, specialty, school, beginDate, workState, workID, contractTerm, conversionTime, notWorkDate, beginContract, endContract, workAge) values (1411, '谢工', 0, '1970-01-01', '618177197001011234', '离异', 1, '江苏', 1, '584991843@qq.com', '18558887788', '北京', 91, 12, 29, '劳动合同', '本科', '计算机软件', '南华大学', '2018-01-01', '在职', '00000038', 5.0, '2019-01-01', null, '2018-01-01', '2023-01-01', null);
insert into tb_employee (id, name, sex, birthday, idCard, wedlock, nationId, nativePlace, politicId, email, phone, address, departmentId, jobLevelId, posId, engageForm, tiptopDegree, specialty, school, beginDate, workState, workID, contractTerm, conversionTime, notWorkDate, beginContract, endContract, workAge) values (1412, '林昭亮', 1, '1990-01-01', '610122199809091234', '已婚', 1, '广东', 13, '584991843@qq.com', '16767776654', '广东深圳', 91, 15, 33, '劳动合同', '大专', '计算机软件', '广东职业技术学院', '2018-01-01', '在职', '00000039', 5.0, '2018-04-01', null, '2018-01-01', '2023-01-01', null);
insert into tb_employee (id, name, sex, birthday, idCard, wedlock, nationId, nativePlace, politicId, email, phone, address, departmentId, jobLevelId, posId, engageForm, tiptopDegree, specialty, school, beginDate, workState, workID, contractTerm, conversionTime, notWorkDate, beginContract, endContract, workAge) values (1413, '11', 1, '2018-01-01', '610122201801011234', '已婚', 1, '1', 1, '584991843@qq.com', '111', '1', 89, 9, 29, '劳动合同', '本科', '1', '1', '2018-01-01', '在职', '00000040', 4.0, '2018-04-01', null, '2018-01-01', '2022-01-26', null);
insert into tb_employee (id, name, sex, birthday, idCard, wedlock, nationId, nativePlace, politicId, email, phone, address, departmentId, jobLevelId, posId, engageForm, tiptopDegree, specialty, school, beginDate, workState, workID, contractTerm, conversionTime, notWorkDate, beginContract, endContract, workAge) values (1414, '1', 1, '2018-01-01', '610188199809091234', '已婚', 1, '1', 1, '584991843@qq.com', '1', '1', 89, 9, 29, '劳动合同', '大专', '1', '1', '2018-01-31', '在职', '00000041', 1.0, '2018-01-31', null, '2018-01-31', '2019-01-31', null);
insert into tb_employee (id, name, sex, birthday, idCard, wedlock, nationId, nativePlace, politicId, email, phone, address, departmentId, jobLevelId, posId, engageForm, tiptopDegree, specialty, school, beginDate, workState, workID, contractTerm, conversionTime, notWorkDate, beginContract, endContract, workAge) values (1415, '1', 1, '2018-01-01', '610122199909090000', '已婚', 1, '1', 1, '584991843@qq.com', '1', '1', 78, 9, 29, '劳动合同', '大专', '1', '1', '2018-01-31', '在职', '00000042', 1.0, '2018-01-31', null, '2018-01-31', '2019-01-31', null);
insert into tb_employee (id, name, sex, birthday, idCard, wedlock, nationId, nativePlace, politicId, email, phone, address, departmentId, jobLevelId, posId, engageForm, tiptopDegree, specialty, school, beginDate, workState, workID, contractTerm, conversionTime, notWorkDate, beginContract, endContract, workAge) values (1416, '1', 1, '2018-01-01', '610122199909090000', '已婚', 1, '1', 1, '584991843@qq.com', '1', '1', 81, 9, 29, '劳动合同', '大专', '1', '1', '2018-01-31', '在职', '00000043', 0.0, '2018-01-31', null, '2018-01-31', '2018-01-31', null);
insert into tb_employee (id, name, sex, birthday, idCard, wedlock, nationId, nativePlace, politicId, email, phone, address, departmentId, jobLevelId, posId, engageForm, tiptopDegree, specialty, school, beginDate, workState, workID, contractTerm, conversionTime, notWorkDate, beginContract, endContract, workAge) values (1417, '1', 1, '2018-01-01', '610122199909099999', '已婚', 1, '1', 1, '584991843@qq.com', '1', '1', 87, 9, 29, '劳动合同', '大专', '1', '1', '2018-01-01', '在职', '00000044', 0.0, '2018-01-01', null, '2018-01-01', '2018-01-31', null);
insert into tb_employee (id, name, sex, birthday, idCard, wedlock, nationId, nativePlace, politicId, email, phone, address, departmentId, jobLevelId, posId, engageForm, tiptopDegree, specialty, school, beginDate, workState, workID, contractTerm, conversionTime, notWorkDate, beginContract, endContract, workAge) values (1418, '1', 1, '2018-01-01', '610122199909099999', '已婚', 1, '1', 1, '584991843@qq.com', '1', '1', 78, 9, 29, '劳动合同', '大专', '1', '1', '2018-01-01', '在职', '00000045', 0.0, '2018-01-01', null, '2018-01-01', '2018-01-31', null);
insert into tb_employee (id, name, sex, birthday, idCard, wedlock, nationId, nativePlace, politicId, email, phone, address, departmentId, jobLevelId, posId, engageForm, tiptopDegree, specialty, school, beginDate, workState, workID, contractTerm, conversionTime, notWorkDate, beginContract, endContract, workAge) values (1419, '林伯渠', 1, '2018-01-01', '610122199909099999', '未婚', 1, '1', 1, '584991843@qq.com', '1', '1', 8, 9, 29, '劳动合同', '大专', '1', '1', '2018-01-31', '在职', '00000046', 0.0, '2018-01-31', null, '2018-01-31', '2018-01-31', null);
insert into tb_employee (id, name, sex, birthday, idCard, wedlock, nationId, nativePlace, politicId, email, phone, address, departmentId, jobLevelId, posId, engageForm, tiptopDegree, specialty, school, beginDate, workState, workID, contractTerm, conversionTime, notWorkDate, beginContract, endContract, workAge) values (1420, '1', 1, '2018-01-01', '610122199909091234', '已婚', 1, '1', 1, '584991843@qq.com', '1', '1', 8, 9, 29, '劳动合同', '大专', '1', '1', '2018-01-31', '在职', '00000047', 0.0, '2018-01-31', null, '2018-01-31', '2018-01-31', null);
insert into tb_employee (id, name, sex, birthday, idCard, wedlock, nationId, nativePlace, politicId, email, phone, address, departmentId, jobLevelId, posId, engageForm, tiptopDegree, specialty, school, beginDate, workState, workID, contractTerm, conversionTime, notWorkDate, beginContract, endContract, workAge) values (1421, '江南一点雨', 1, '1990-01-01', '610122199001011256', '已婚', 1, '陕西', 13, 'laowang@qq.com', '18565558897', '深圳市南山区', 5, 9, 29, '劳务合同', '本科', '信息管理与信息系统', '深圳大学', '2018-01-01', '在职', '00000001', 2.0, null, null, '2018-01-01', '2020-01-01', null);
insert into tb_employee (id, name, sex, birthday, idCard, wedlock, nationId, nativePlace, politicId, email, phone, address, departmentId, jobLevelId, posId, engageForm, tiptopDegree, specialty, school, beginDate, workState, workID, contractTerm, conversionTime, notWorkDate, beginContract, endContract, workAge) values (1422, '陈静', 0, '1989-02-01', '421288198902011234', '已婚', 1, '海南', 1, 'chenjing@qq.com', '18795556693', '海南省海口市美兰区', 8, 12, 30, '劳动合同', '高中', '市场营销', '武汉大学', '2015-06-09', '在职', '00000002', 3.0, null, null, '2015-06-09', '2018-06-08', null);

insert into tb_department (id, name, parentId, depPath, enabled, isParent) values (1, '股东会', -1, '.1', '1', '1');
insert into tb_department (id, name, parentId, depPath, enabled, isParent) values (4, '董事会', 1, '.1.4', '1', '1');
insert into tb_department (id, name, parentId, depPath, enabled, isParent) values (5, '总办', 4, '.1.4.5', '1', '1');
insert into tb_department (id, name, parentId, depPath, enabled, isParent) values (8, '财务部', 5, '.1.4.5.8', '1', '0');
insert into tb_department (id, name, parentId, depPath, enabled, isParent) values (78, '市场部', 5, '.1.4.5.78', '1', '1');
insert into tb_department (id, name, parentId, depPath, enabled, isParent) values (81, '华北市场部', 78, '.1.4.5.78.81', '1', '1');
insert into tb_department (id, name, parentId, depPath, enabled, isParent) values (82, '华南市场部', 78, '.1.4.5.78.82', '1', '0');
insert into tb_department (id, name, parentId, depPath, enabled, isParent) values (85, '石家庄市场部', 81, '.1.4.5.78.81.85', '1', '0');
insert into tb_department (id, name, parentId, depPath, enabled, isParent) values (86, '西北市场部', 78, '.1.4.5.78.86', '1', '1');
insert into tb_department (id, name, parentId, depPath, enabled, isParent) values (87, '西安市场', 86, '.1.4.5.78.86.87', '1', '1');
insert into tb_department (id, name, parentId, depPath, enabled, isParent) values (89, '莲湖区市场', 87, '.1.4.5.78.86.87.89', '1', '0');
insert into tb_department (id, name, parentId, depPath, enabled, isParent) values (91, '技术部', 5, '.1.4.5.91', '1', '0');
insert into tb_department (id, name, parentId, depPath, enabled, isParent) values (92, '运维部', 5, '.1.4.5.92', '1', '0');

insert into tb_position (id, name, createDate, enabled) values (29, '技术总监', '2018-01-11 21:13:42', '1');
insert into tb_position (id, name, createDate, enabled) values (30, '运营总监', '2018-01-11 21:13:48', '1');
insert into tb_position (id, name, createDate, enabled) values (31, '市场总监', '2018-01-11 21:13:56', '1');
insert into tb_position (id, name, createDate, enabled) values (32, '总经理', '2018-01-11 21:35:07', '1');
insert into tb_position (id, name, createDate, enabled) values (33, '研发工程师', '2018-01-14 16:07:11', '1');
insert into tb_position (id, name, createDate, enabled) values (34, '运维工程师', '2018-01-14 16:11:41', '1');

